"EmployeeID";"GivenName";"Surname";"DisplayName";"SourceCompany";"SourceDomain";"SourceUserPrincipalName";"TargetCompany";"TargetDomain";"SamAccountName";"UserPrincipalName";"Department";"Title";"TargetOU";"Groups";"Permissions";"ExpectedGPOs"
"MIG0001";"Alfred";"Cooper";"Alfred Cooper";"OnlyMAGS";"onlymags.local";"employee0001@onlymags.local";"Mags";"mags.local";"alfred.cooper";"alfred.cooper@mags.local";"IT";"Employee";"OU=IT,DC=mags,DC=local";"GG-IT|Terminal Server License Servers|Users";"Members of this group can update user accounts in Active Directory with information about license issuance, for the purpose of tracking and reporting TS Per User CAL usage|Users are prevented from making accidental or intentional system-wide changes and can run most applications";""
"MIG0002";"Charlotte";"Wood";"Charlotte Wood";"OnlyMAGS";"onlymags.local";"employee0002@onlymags.local";"Mags";"mags.local";"charlotte.wood";"charlotte.wood@mags.local";"Salg";"Employee · Salg";"OU=Salg,DC=mags,DC=local";"GG-Salg|Users|Terminal Server License Servers";"Users are prevented from making accidental or intentional system-wide changes and can run most applications|Members of this group can update user accounts in Active Directory with information about license issuance, for the purpose of tracking and reporting TS Per User CAL usage";""
"MIG0003";"Ruby";"Wood";"Ruby Wood";"OnlyMAGS";"onlymags.local";"employee0003@onlymags.local";"Mags";"mags.local";"ruby.wood";"ruby.wood@mags.local";"Salg";"Employee · Salg";"OU=Salg,DC=mags,DC=local";"GG-Salg|Terminal Server License Servers|Users";"Members of this group can update user accounts in Active Directory with information about license issuance, for the purpose of tracking and reporting TS Per User CAL usage|Users are prevented from making accidental or intentional system-wide changes and can run most applications";""
"MIG0004";"Emma";"Campbell";"Emma Campbell";"OnlyMAGS";"onlymags.local";"employee0004@onlymags.local";"Mags";"mags.local";"emma.campbell";"emma.campbell@mags.local";"IT";"Employee";"OU=IT,DC=mags,DC=local";"GG-IT";"";""
"MIG0005";"Sophia";"Robinson";"Sophia Robinson";"OnlyMAGS";"onlymags.local";"employee0005@onlymags.local";"Mags";"mags.local";"sophia.robinson";"sophia.robinson@mags.local";"IT";"Employee";"OU=IT,DC=mags,DC=local";"GG-IT|Users|Terminal Server License Servers";"Users are prevented from making accidental or intentional system-wide changes and can run most applications|Members of this group can update user accounts in Active Directory with information about license issuance, for the purpose of tracking and reporting TS Per User CAL usage";""
"MIG0006";"William";"Jones";"William Jones";"OnlyMAGS";"onlymags.local";"employee0006@onlymags.local";"Mags";"mags.local";"william.jones";"william.jones@mags.local";"Salg";"Employee · Salg";"OU=Salg,DC=mags,DC=local";"GG-Salg|Terminal Server License Servers|Users";"Members of this group can update user accounts in Active Directory with information about license issuance, for the purpose of tracking and reporting TS Per User CAL usage|Users are prevented from making accidental or intentional system-wide changes and can run most applications";""
"MIG0007";"Joseph";"Green";"Joseph Green";"OnlyMAGS";"onlymags.local";"employee0007@onlymags.local";"Mags";"mags.local";"joseph.green";"joseph.green@mags.local";"IT";"Employee";"OU=IT,DC=mags,DC=local";"GG-IT|Users|Terminal Server License Servers";"Users are prevented from making accidental or intentional system-wide changes and can run most applications|Members of this group can update user accounts in Active Directory with information about license issuance, for the purpose of tracking and reporting TS Per User CAL usage";""
"MIG0008";"Charlotte";"White";"Charlotte White";"OnlyMAGS";"onlymags.local";"employee0008@onlymags.local";"Mags";"mags.local";"charlotte.white";"charlotte.white@mags.local";"Salg";"Employee · Salg";"OU=Salg,DC=mags,DC=local";"GG-Salg";"";""
"MIG0009";"Oliver";"Turner";"Oliver Turner";"OnlyMAGS";"onlymags.local";"employee0009@onlymags.local";"Mags";"mags.local";"oliver.turner";"oliver.turner@mags.local";"Salg";"Employee · Salg";"OU=Salg,DC=mags,DC=local";"GG-Salg|Users|Terminal Server License Servers";"Users are prevented from making accidental or intentional system-wide changes and can run most applications|Members of this group can update user accounts in Active Directory with information about license issuance, for the purpose of tracking and reporting TS Per User CAL usage";""
"MIG0010";"Charlotte";"Clark";"Charlotte Clark";"OnlyMAGS";"onlymags.local";"employee0010@onlymags.local";"Mags";"mags.local";"charlotte.clark";"charlotte.clark@mags.local";"IT";"Employee";"OU=IT,DC=mags,DC=local";"GG-IT|Terminal Server License Servers|Users";"Members of this group can update user accounts in Active Directory with information about license issuance, for the purpose of tracking and reporting TS Per User CAL usage|Users are prevented from making accidental or intentional system-wide changes and can run most applications";""
"MIG0011";"Alfred";"Morris";"Alfred Morris";"OnlyMAGS";"onlymags.local";"employee0011@onlymags.local";"Mags";"mags.local";"alfred.morris";"alfred.morris@mags.local";"Salg";"Employee · Salg";"OU=Salg,DC=mags,DC=local";"GG-Salg";"";""
"MIG0012";"Thomas";"Taylor";"Thomas Taylor";"OnlyMAGS";"onlymags.local";"employee0012@onlymags.local";"Mags";"mags.local";"thomas.taylor";"thomas.taylor@mags.local";"Salg";"Employee · Salg";"OU=Salg,DC=mags,DC=local";"GG-Salg";"";""
"MIG0013";"Andrew";"Evans";"Andrew Evans";"OnlyMAGS";"onlymags.local";"employee0013@onlymags.local";"Mags";"mags.local";"andrew.evans";"andrew.evans@mags.local";"Salg";"Employee · Salg";"OU=Salg,DC=mags,DC=local";"GG-Salg|Terminal Server License Servers|Users";"Members of this group can update user accounts in Active Directory with information about license issuance, for the purpose of tracking and reporting TS Per User CAL usage|Users are prevented from making accidental or intentional system-wide changes and can run most applications";""
"MIG0014";"Oliver";"Martin";"Oliver Martin";"OnlyMAGS";"onlymags.local";"employee0014@onlymags.local";"Mags";"mags.local";"oliver.martin";"oliver.martin@mags.local";"IT";"Employee";"OU=IT,DC=mags,DC=local";"GG-IT|Terminal Server License Servers";"Members of this group can update user accounts in Active Directory with information about license issuance, for the purpose of tracking and reporting TS Per User CAL usage";""
"MIG0015";"Sarah";"Walker";"Sarah Walker";"OnlyMAGS";"onlymags.local";"employee0015@onlymags.local";"Mags";"mags.local";"sarah.walker";"sarah.walker@mags.local";"IT";"Employee";"OU=IT,DC=mags,DC=local";"GG-IT";"";""
"MIG0016";"Charles";"Jackson";"Charles Jackson";"OnlyMAGS";"onlymags.local";"employee0016@onlymags.local";"Mags";"mags.local";"charles.jackson";"charles.jackson@mags.local";"Salg";"Employee · Salg";"OU=Salg,DC=mags,DC=local";"GG-Salg";"";""
"MIG0017";"George";"Moore";"George Moore";"OnlyMAGS";"onlymags.local";"employee0017@onlymags.local";"Mags";"mags.local";"george.moore";"george.moore@mags.local";"IT";"Employee";"OU=IT,DC=mags,DC=local";"GG-IT|Terminal Server License Servers";"Members of this group can update user accounts in Active Directory with information about license issuance, for the purpose of tracking and reporting TS Per User CAL usage";""
"MIG0018";"Claire";"Wright";"Claire Wright";"OnlyMAGS";"onlymags.local";"employee0018@onlymags.local";"Mags";"mags.local";"claire.wright";"claire.wright@mags.local";"IT";"Employee";"OU=IT,DC=mags,DC=local";"GG-IT|Users|Terminal Server License Servers";"Users are prevented from making accidental or intentional system-wide changes and can run most applications|Members of this group can update user accounts in Active Directory with information about license issuance, for the purpose of tracking and reporting TS Per User CAL usage";""
"MIG0019";"Oliver";"Williams";"Oliver Williams";"OnlyMAGS";"onlymags.local";"employee0019@onlymags.local";"Mags";"mags.local";"oliver.williams";"oliver.williams@mags.local";"Salg";"Employee · Salg";"OU=Salg,DC=mags,DC=local";"GG-Salg";"";""
"MIG0020";"Lucas";"Scott";"Lucas Scott";"OnlyMAGS";"onlymags.local";"employee0020@onlymags.local";"Mags";"mags.local";"lucas.scott";"lucas.scott@mags.local";"Salg";"Employee · Salg";"OU=Salg,DC=mags,DC=local";"GG-Salg|Terminal Server License Servers";"Members of this group can update user accounts in Active Directory with information about license issuance, for the purpose of tracking and reporting TS Per User CAL usage";""
"MIG0021";"Alfred";"Baker";"Alfred Baker";"OnlyMAGS";"onlymags.local";"employee0021@onlymags.local";"Mags";"mags.local";"alfred.baker";"alfred.baker@mags.local";"IT";"Employee";"OU=IT,DC=mags,DC=local";"GG-IT";"";""
"MIG0022";"Joseph";"Scott";"Joseph Scott";"OnlyMAGS";"onlymags.local";"employee0022@onlymags.local";"Mags";"mags.local";"joseph.scott";"joseph.scott@mags.local";"IT";"Employee";"OU=IT,DC=mags,DC=local";"GG-IT|Users";"Users are prevented from making accidental or intentional system-wide changes and can run most applications";""
"MIG0023";"Claire";"Morris";"Claire Morris";"OnlyMAGS";"onlymags.local";"employee0023@onlymags.local";"Mags";"mags.local";"claire.morris";"claire.morris@mags.local";"Salg";"Employee · Salg";"OU=Salg,DC=mags,DC=local";"GG-Salg";"";""
"MIG0024";"Alfred";"Brown";"Alfred Brown";"OnlyMAGS";"onlymags.local";"employee0024@onlymags.local";"Mags";"mags.local";"alfred.brown";"alfred.brown@mags.local";"IT";"Employee";"OU=IT,DC=mags,DC=local";"GG-IT";"";""
"MIG0025";"Joseph";"Jones";"Joseph Jones";"OnlyMAGS";"onlymags.local";"employee0025@onlymags.local";"Mags";"mags.local";"joseph.jones";"joseph.jones@mags.local";"Salg";"Employee · Salg";"OU=Salg,DC=mags,DC=local";"GG-Salg|Users";"Users are prevented from making accidental or intentional system-wide changes and can run most applications";""
"MIG0026";"Victoria";"Moore";"Victoria Moore";"OnlyMAGS";"onlymags.local";"employee0026@onlymags.local";"Mags";"mags.local";"victoria.moore";"victoria.moore@mags.local";"IT";"Employee";"OU=IT,DC=mags,DC=local";"GG-IT";"";""
"MIG0027";"Matthew";"Johnson";"Matthew Johnson";"OnlyMAGS";"onlymags.local";"employee0027@onlymags.local";"Mags";"mags.local";"matthew.johnson";"matthew.johnson@mags.local";"IT";"Employee";"OU=IT,DC=mags,DC=local";"GG-IT|Terminal Server License Servers|Users";"Members of this group can update user accounts in Active Directory with information about license issuance, for the purpose of tracking and reporting TS Per User CAL usage|Users are prevented from making accidental or intentional system-wide changes and can run most applications";""
"MIG0028";"James";"Hill";"James Hill";"OnlyMAGS";"onlymags.local";"employee0028@onlymags.local";"Mags";"mags.local";"james.hill";"james.hill@mags.local";"Salg";"Employee · Salg";"OU=Salg,DC=mags,DC=local";"GG-Salg|Users";"Users are prevented from making accidental or intentional system-wide changes and can run most applications";""
"MIG0029";"Joseph";"Hall";"Joseph Hall";"OnlyMAGS";"onlymags.local";"employee0029@onlymags.local";"Mags";"mags.local";"joseph.hall";"joseph.hall@mags.local";"Salg";"Employee · Salg";"OU=Salg,DC=mags,DC=local";"GG-Salg";"";""
"MIG0030";"George";"Martin";"George Martin";"OnlyMAGS";"onlymags.local";"employee0030@onlymags.local";"Mags";"mags.local";"george.martin";"george.martin@mags.local";"IT";"Employee";"OU=IT,DC=mags,DC=local";"GG-IT|Terminal Server License Servers|Users";"Members of this group can update user accounts in Active Directory with information about license issuance, for the purpose of tracking and reporting TS Per User CAL usage|Users are prevented from making accidental or intentional system-wide changes and can run most applications";""
"MIG0031";"Daniel";"Morris";"Daniel Morris";"OnlyMAGS";"onlymags.local";"employee0031@onlymags.local";"Mags";"mags.local";"daniel.morris";"daniel.morris@mags.local";"Salg";"Employee · Salg";"OU=Salg,DC=mags,DC=local";"GG-Salg|Users";"Users are prevented from making accidental or intentional system-wide changes and can run most applications";""
"MIG0032";"William";"Allen";"William Allen";"OnlyMAGS";"onlymags.local";"employee0032@onlymags.local";"Mags";"mags.local";"william.allen";"william.allen@mags.local";"IT";"Employee";"OU=IT,DC=mags,DC=local";"GG-IT|Terminal Server License Servers|Users";"Members of this group can update user accounts in Active Directory with information about license issuance, for the purpose of tracking and reporting TS Per User CAL usage|Users are prevented from making accidental or intentional system-wide changes and can run most applications";""
"MIG0033";"William";"Thompson";"William Thompson";"OnlyMAGS";"onlymags.local";"employee0033@onlymags.local";"Mags";"mags.local";"william.thompson";"william.thompson@mags.local";"Salg";"Employee · Salg";"OU=Salg,DC=mags,DC=local";"GG-Salg|Terminal Server License Servers";"Members of this group can update user accounts in Active Directory with information about license issuance, for the purpose of tracking and reporting TS Per User CAL usage";""
"MIG0034";"Olivia";"Campbell";"Olivia Campbell";"OnlyMAGS";"onlymags.local";"employee0034@onlymags.local";"Mags";"mags.local";"olivia.campbell";"olivia.campbell@mags.local";"IT";"Employee";"OU=IT,DC=mags,DC=local";"GG-IT";"";""
"MIG0035";"Olivia";"Wright";"Olivia Wright";"OnlyMAGS";"onlymags.local";"employee0035@onlymags.local";"Mags";"mags.local";"olivia.wright";"olivia.wright@mags.local";"Salg";"Employee · Salg";"OU=Salg,DC=mags,DC=local";"GG-Salg|Users";"Users are prevented from making accidental or intentional system-wide changes and can run most applications";""
"MIG0036";"Michael";"Walker";"Michael Walker";"OnlyMAGS";"onlymags.local";"employee0036@onlymags.local";"Mags";"mags.local";"michael.walker";"michael.walker@mags.local";"IT";"Employee";"OU=IT,DC=mags,DC=local";"GG-IT";"";""
"MIG0037";"Jack";"Hall";"Jack Hall";"OnlyMAGS";"onlymags.local";"employee0037@onlymags.local";"Mags";"mags.local";"jack.hall";"jack.hall@mags.local";"IT";"Employee";"OU=IT,DC=mags,DC=local";"GG-IT|Users";"Users are prevented from making accidental or intentional system-wide changes and can run most applications";""
"MIG0038";"Lily";"Robinson";"Lily Robinson";"OnlyMAGS";"onlymags.local";"employee0038@onlymags.local";"Mags";"mags.local";"lily.robinson";"lily.robinson@mags.local";"Salg";"Employee · Salg";"OU=Salg,DC=mags,DC=local";"GG-Salg|Users|Terminal Server License Servers";"Users are prevented from making accidental or intentional system-wide changes and can run most applications|Members of this group can update user accounts in Active Directory with information about license issuance, for the purpose of tracking and reporting TS Per User CAL usage";""
"MIG0039";"Lucy";"Edwards";"Lucy Edwards";"OnlyMAGS";"onlymags.local";"employee0039@onlymags.local";"Mags";"mags.local";"lucy.edwards";"lucy.edwards@mags.local";"Salg";"Employee · Salg";"OU=Salg,DC=mags,DC=local";"GG-Salg";"";""
"MIG0040";"William";"Johnson";"William Johnson";"OnlyMAGS";"onlymags.local";"employee0040@onlymags.local";"Mags";"mags.local";"william.johnson";"william.johnson@mags.local";"IT";"Employee";"OU=IT,DC=mags,DC=local";"GG-IT|Users|Terminal Server License Servers";"Users are prevented from making accidental or intentional system-wide changes and can run most applications|Members of this group can update user accounts in Active Directory with information about license issuance, for the purpose of tracking and reporting TS Per User CAL usage";""
"MIG0041";"Lucy";"Scott";"Lucy Scott";"OnlyMAGS";"onlymags.local";"employee0041@onlymags.local";"Mags";"mags.local";"lucy.scott";"lucy.scott@mags.local";"Salg";"Employee · Salg";"OU=Salg,DC=mags,DC=local";"GG-Salg|Terminal Server License Servers|Users";"Members of this group can update user accounts in Active Directory with information about license issuance, for the purpose of tracking and reporting TS Per User CAL usage|Users are prevented from making accidental or intentional system-wide changes and can run most applications";""
"MIG0042";"Michael";"Edwards";"Michael Edwards";"OnlyMAGS";"onlymags.local";"employee0042@onlymags.local";"Mags";"mags.local";"michael.edwards";"michael.edwards@mags.local";"IT";"Employee";"OU=IT,DC=mags,DC=local";"GG-IT";"";""
"MIG0043";"Matthew";"Scott";"Matthew Scott";"OnlyMAGS";"onlymags.local";"employee0043@onlymags.local";"Mags";"mags.local";"matthew.scott";"matthew.scott@mags.local";"Salg";"Employee · Salg";"OU=Salg,DC=mags,DC=local";"GG-Salg|Terminal Server License Servers|Users";"Members of this group can update user accounts in Active Directory with information about license issuance, for the purpose of tracking and reporting TS Per User CAL usage|Users are prevented from making accidental or intentional system-wide changes and can run most applications";""
"MIG0044";"Ella";"Brown";"Ella Brown";"OnlyMAGS";"onlymags.local";"employee0044@onlymags.local";"Mags";"mags.local";"ella.brown";"ella.brown@mags.local";"IT";"Employee";"OU=IT,DC=mags,DC=local";"GG-IT";"";""
"MIG0045";"Noah";"Turner";"Noah Turner";"OnlyMAGS";"onlymags.local";"employee0045@onlymags.local";"Mags";"mags.local";"noah.turner";"noah.turner@mags.local";"Salg";"Employee · Salg";"OU=Salg,DC=mags,DC=local";"GG-Salg|Users";"Users are prevented from making accidental or intentional system-wide changes and can run most applications";""
"MIG0046";"Noah";"Harris";"Noah Harris";"OnlyMAGS";"onlymags.local";"employee0046@onlymags.local";"Mags";"mags.local";"noah.harris";"noah.harris@mags.local";"IT";"Employee";"OU=IT,DC=mags,DC=local";"GG-IT|Terminal Server License Servers|Users";"Members of this group can update user accounts in Active Directory with information about license issuance, for the purpose of tracking and reporting TS Per User CAL usage|Users are prevented from making accidental or intentional system-wide changes and can run most applications";""
"MIG0047";"Ella";"Clarke";"Ella Clarke";"OnlyMAGS";"onlymags.local";"employee0047@onlymags.local";"Mags";"mags.local";"ella.clarke";"ella.clarke@mags.local";"IT";"Employee";"OU=IT,DC=mags,DC=local";"GG-IT";"";""
"MIG0048";"Hannah";"Walker";"Hannah Walker";"OnlyMAGS";"onlymags.local";"employee0048@onlymags.local";"Mags";"mags.local";"hannah.walker";"hannah.walker@mags.local";"IT";"Employee";"OU=IT,DC=mags,DC=local";"GG-IT|Terminal Server License Servers|Users";"Members of this group can update user accounts in Active Directory with information about license issuance, for the purpose of tracking and reporting TS Per User CAL usage|Users are prevented from making accidental or intentional system-wide changes and can run most applications";""
"MIG0049";"Jack";"Edwards";"Jack Edwards";"OnlyMAGS";"onlymags.local";"employee0049@onlymags.local";"Mags";"mags.local";"jack.edwards";"jack.edwards@mags.local";"IT";"Employee";"OU=IT,DC=mags,DC=local";"GG-IT";"";""
"MIG0050";"Oliver";"Jackson";"Oliver Jackson";"OnlyMAGS";"onlymags.local";"employee0050@onlymags.local";"Mags";"mags.local";"oliver.jackson";"oliver.jackson@mags.local";"Salg";"Employee · Salg";"OU=Salg,DC=mags,DC=local";"GG-Salg";"";""
"MIG0051";"Jacob";"Wilson";"Jacob Wilson";"OnlyMAGS";"onlymags.local";"employee0051@onlymags.local";"Mags";"mags.local";"jacob.wilson";"jacob.wilson@mags.local";"IT";"Employee";"OU=IT,DC=mags,DC=local";"GG-IT|Terminal Server License Servers";"Members of this group can update user accounts in Active Directory with information about license issuance, for the purpose of tracking and reporting TS Per User CAL usage";""
"MIG0052";"Michael";"Clarke";"Michael Clarke";"OnlyMAGS";"onlymags.local";"employee0052@onlymags.local";"Mags";"mags.local";"michael.clarke";"michael.clarke@mags.local";"IT";"Employee";"OU=IT,DC=mags,DC=local";"GG-IT|Terminal Server License Servers|Users";"Members of this group can update user accounts in Active Directory with information about license issuance, for the purpose of tracking and reporting TS Per User CAL usage|Users are prevented from making accidental or intentional system-wide changes and can run most applications";""
"MIG0053";"Lucy";"Walker";"Lucy Walker";"OnlyMAGS";"onlymags.local";"employee0053@onlymags.local";"Mags";"mags.local";"lucy.walker";"lucy.walker@mags.local";"IT";"Employee";"OU=IT,DC=mags,DC=local";"GG-IT|Users|Terminal Server License Servers";"Users are prevented from making accidental or intentional system-wide changes and can run most applications|Members of this group can update user accounts in Active Directory with information about license issuance, for the purpose of tracking and reporting TS Per User CAL usage";""
"MIG0054";"Noah";"Martin";"Noah Martin";"OnlyMAGS";"onlymags.local";"employee0054@onlymags.local";"Mags";"mags.local";"noah.martin";"noah.martin@mags.local";"Salg";"Employee · Salg";"OU=Salg,DC=mags,DC=local";"GG-Salg";"";""
"MIG0055";"Lily";"Evans";"Lily Evans";"OnlyMAGS";"onlymags.local";"employee0055@onlymags.local";"Mags";"mags.local";"lily.evans";"lily.evans@mags.local";"Salg";"Employee · Salg";"OU=Salg,DC=mags,DC=local";"GG-Salg|Users";"Users are prevented from making accidental or intentional system-wide changes and can run most applications";""
"MIG0056";"Emma";"Clarke";"Emma Clarke";"OnlyMAGS";"onlymags.local";"employee0056@onlymags.local";"Mags";"mags.local";"emma.clarke";"emma.clarke@mags.local";"IT";"Employee";"OU=IT,DC=mags,DC=local";"GG-IT|Terminal Server License Servers";"Members of this group can update user accounts in Active Directory with information about license issuance, for the purpose of tracking and reporting TS Per User CAL usage";""
"MIG0057";"Noah";"Wood";"Noah Wood";"OnlyMAGS";"onlymags.local";"employee0057@onlymags.local";"Mags";"mags.local";"noah.wood";"noah.wood@mags.local";"Salg";"Employee · Salg";"OU=Salg,DC=mags,DC=local";"GG-Salg|Terminal Server License Servers";"Members of this group can update user accounts in Active Directory with information about license issuance, for the purpose of tracking and reporting TS Per User CAL usage";""
"MIG0058";"Henry";"Allen";"Henry Allen";"OnlyMAGS";"onlymags.local";"employee0058@onlymags.local";"Mags";"mags.local";"henry.allen";"henry.allen@mags.local";"Salg";"Employee · Salg";"OU=Salg,DC=mags,DC=local";"GG-Salg|Users";"Users are prevented from making accidental or intentional system-wide changes and can run most applications";""
"MIG0059";"Thomas";"Smith";"Thomas Smith";"OnlyMAGS";"onlymags.local";"employee0059@onlymags.local";"Mags";"mags.local";"thomas.smith";"thomas.smith@mags.local";"Salg";"Employee · Salg";"OU=Salg,DC=mags,DC=local";"GG-Salg|Terminal Server License Servers|Users";"Members of this group can update user accounts in Active Directory with information about license issuance, for the purpose of tracking and reporting TS Per User CAL usage|Users are prevented from making accidental or intentional system-wide changes and can run most applications";""
"MIG0060";"Emma";"Baker";"Emma Baker";"OnlyMAGS";"onlymags.local";"employee0060@onlymags.local";"Mags";"mags.local";"emma.baker";"emma.baker@mags.local";"Salg";"Employee · Salg";"OU=Salg,DC=mags,DC=local";"GG-Salg";"";""
"MIG0061";"Jack";"Young";"Jack Young";"OnlyMAGS";"onlymags.local";"employee0061@onlymags.local";"Mags";"mags.local";"jack.young";"jack.young@mags.local";"Salg";"Employee · Salg";"OU=Salg,DC=mags,DC=local";"GG-Salg";"";""
"MIG0062";"Victoria";"Clark";"Victoria Clark";"OnlyMAGS";"onlymags.local";"employee0062@onlymags.local";"Mags";"mags.local";"victoria.clark";"victoria.clark@mags.local";"IT";"Employee";"OU=IT,DC=mags,DC=local";"GG-IT|Terminal Server License Servers";"Members of this group can update user accounts in Active Directory with information about license issuance, for the purpose of tracking and reporting TS Per User CAL usage";""
"MIG0063";"Samuel";"Mitchell";"Samuel Mitchell";"OnlyMAGS";"onlymags.local";"employee0063@onlymags.local";"Mags";"mags.local";"samuel.mitchell";"samuel.mitchell@mags.local";"Salg";"Employee · Salg";"OU=Salg,DC=mags,DC=local";"GG-Salg|Users|Terminal Server License Servers";"Users are prevented from making accidental or intentional system-wide changes and can run most applications|Members of this group can update user accounts in Active Directory with information about license issuance, for the purpose of tracking and reporting TS Per User CAL usage";""
"MIG0064";"Benjamin";"Baker";"Benjamin Baker";"OnlyMAGS";"onlymags.local";"employee0064@onlymags.local";"Mags";"mags.local";"benjamin.baker";"benjamin.baker@mags.local";"Salg";"Employee · Salg";"OU=Salg,DC=mags,DC=local";"GG-Salg|Terminal Server License Servers";"Members of this group can update user accounts in Active Directory with information about license issuance, for the purpose of tracking and reporting TS Per User CAL usage";""
"MIG0065";"Benjamin";"Hall";"Benjamin Hall";"OnlyMAGS";"onlymags.local";"employee0065@onlymags.local";"Mags";"mags.local";"benjamin.hall";"benjamin.hall@mags.local";"Salg";"Employee · Salg";"OU=Salg,DC=mags,DC=local";"GG-Salg|Users";"Users are prevented from making accidental or intentional system-wide changes and can run most applications";""
"MIG0066";"Lily";"Hall";"Lily Hall";"OnlyMAGS";"onlymags.local";"employee0066@onlymags.local";"Mags";"mags.local";"lily.hall";"lily.hall@mags.local";"IT";"Employee";"OU=IT,DC=mags,DC=local";"GG-IT|Terminal Server License Servers|Users";"Members of this group can update user accounts in Active Directory with information about license issuance, for the purpose of tracking and reporting TS Per User CAL usage|Users are prevented from making accidental or intentional system-wide changes and can run most applications";""
"MIG0067";"Samuel";"Parker";"Samuel Parker";"OnlyMAGS";"onlymags.local";"employee0067@onlymags.local";"Mags";"mags.local";"samuel.parker";"samuel.parker@mags.local";"IT";"Employee";"OU=IT,DC=mags,DC=local";"GG-IT|Terminal Server License Servers|Users";"Members of this group can update user accounts in Active Directory with information about license issuance, for the purpose of tracking and reporting TS Per User CAL usage|Users are prevented from making accidental or intentional system-wide changes and can run most applications";""
"MIG0068";"Amber";"Wright";"Amber Wright";"OnlyMAGS";"onlymags.local";"employee0068@onlymags.local";"Mags";"mags.local";"amber.wright";"amber.wright@mags.local";"Salg";"Employee · Salg";"OU=Salg,DC=mags,DC=local";"GG-Salg";"";""
"MIG0069";"Victoria";"Green";"Victoria Green";"OnlyMAGS";"onlymags.local";"employee0069@onlymags.local";"Mags";"mags.local";"victoria.green";"victoria.green@mags.local";"IT";"Employee";"OU=IT,DC=mags,DC=local";"GG-IT";"";""
"MIG0070";"Amelia";"King";"Amelia King";"OnlyMAGS";"onlymags.local";"employee0070@onlymags.local";"Mags";"mags.local";"amelia.king";"amelia.king@mags.local";"Salg";"Employee · Salg";"OU=Salg,DC=mags,DC=local";"GG-Salg";"";""
"MIG0071";"Claire";"Jackson";"Claire Jackson";"OnlyMAGS";"onlymags.local";"employee0071@onlymags.local";"Mags";"mags.local";"claire.jackson";"claire.jackson@mags.local";"Salg";"Employee · Salg";"OU=Salg,DC=mags,DC=local";"GG-Salg|Users";"Users are prevented from making accidental or intentional system-wide changes and can run most applications";""
"MIG0072";"Jack";"Mitchell";"Jack Mitchell";"OnlyMAGS";"onlymags.local";"employee0072@onlymags.local";"Mags";"mags.local";"jack.mitchell";"jack.mitchell@mags.local";"IT";"Employee";"OU=IT,DC=mags,DC=local";"GG-IT|Terminal Server License Servers";"Members of this group can update user accounts in Active Directory with information about license issuance, for the purpose of tracking and reporting TS Per User CAL usage";""
"MIG0073";"Lucy";"Hill";"Lucy Hill";"OnlyMAGS";"onlymags.local";"employee0073@onlymags.local";"Mags";"mags.local";"lucy.hill";"lucy.hill@mags.local";"IT";"Employee";"OU=IT,DC=mags,DC=local";"GG-IT";"";""
"MIG0074";"Daniel";"Wood";"Daniel Wood";"OnlyMAGS";"onlymags.local";"employee0074@onlymags.local";"Mags";"mags.local";"daniel.wood";"daniel.wood@mags.local";"IT";"Employee";"OU=IT,DC=mags,DC=local";"GG-IT|Terminal Server License Servers";"Members of this group can update user accounts in Active Directory with information about license issuance, for the purpose of tracking and reporting TS Per User CAL usage";""
"MIG0075";"Ethan";"Young";"Ethan Young";"OnlyMAGS";"onlymags.local";"employee0075@onlymags.local";"Mags";"mags.local";"ethan.young";"ethan.young@mags.local";"IT";"Employee";"OU=IT,DC=mags,DC=local";"GG-IT|Terminal Server License Servers|Users";"Members of this group can update user accounts in Active Directory with information about license issuance, for the purpose of tracking and reporting TS Per User CAL usage|Users are prevented from making accidental or intentional system-wide changes and can run most applications";""
"MIG0076";"Emma";"Green";"Emma Green";"OnlyMAGS";"onlymags.local";"employee0076@onlymags.local";"Mags";"mags.local";"emma.green";"emma.green@mags.local";"Salg";"Employee · Salg";"OU=Salg,DC=mags,DC=local";"GG-Salg|Users|Terminal Server License Servers";"Users are prevented from making accidental or intentional system-wide changes and can run most applications|Members of this group can update user accounts in Active Directory with information about license issuance, for the purpose of tracking and reporting TS Per User CAL usage";""
"MIG0077";"Ella";"Jackson";"Ella Jackson";"OnlyMAGS";"onlymags.local";"employee0077@onlymags.local";"Mags";"mags.local";"ella.jackson";"ella.jackson@mags.local";"IT";"Employee";"OU=IT,DC=mags,DC=local";"GG-IT|Terminal Server License Servers";"Members of this group can update user accounts in Active Directory with information about license issuance, for the purpose of tracking and reporting TS Per User CAL usage";""
"MIG0078";"Claire";"Parker";"Claire Parker";"OnlyMAGS";"onlymags.local";"employee0078@onlymags.local";"Mags";"mags.local";"claire.parker";"claire.parker@mags.local";"Salg";"Employee · Salg";"OU=Salg,DC=mags,DC=local";"GG-Salg|Users|Terminal Server License Servers";"Users are prevented from making accidental or intentional system-wide changes and can run most applications|Members of this group can update user accounts in Active Directory with information about license issuance, for the purpose of tracking and reporting TS Per User CAL usage";""
"MIG0079";"James";"Smith";"James Smith";"OnlyMAGS";"onlymags.local";"employee0079@onlymags.local";"Mags";"mags.local";"james.smith";"james.smith@mags.local";"IT";"Employee";"OU=IT,DC=mags,DC=local";"GG-IT";"";""
"MIG0080";"James";"Evans";"James Evans";"OnlyMAGS";"onlymags.local";"employee0080@onlymags.local";"Mags";"mags.local";"james.evans";"james.evans@mags.local";"IT";"Employee";"OU=IT,DC=mags,DC=local";"GG-IT|Users|Terminal Server License Servers";"Users are prevented from making accidental or intentional system-wide changes and can run most applications|Members of this group can update user accounts in Active Directory with information about license issuance, for the purpose of tracking and reporting TS Per User CAL usage";""
"MIG0081";"Michael";"Campbell";"Michael Campbell";"OnlyMAGS";"onlymags.local";"employee0081@onlymags.local";"Mags";"mags.local";"michael.campbell";"michael.campbell@mags.local";"IT";"Employee";"OU=IT,DC=mags,DC=local";"GG-IT";"";""
"MIG0082";"Benjamin";"Williams";"Benjamin Williams";"OnlyMAGS";"onlymags.local";"employee0082@onlymags.local";"Mags";"mags.local";"benjamin.williams";"benjamin.williams@mags.local";"IT";"Employee";"OU=IT,DC=mags,DC=local";"GG-IT|Terminal Server License Servers";"Members of this group can update user accounts in Active Directory with information about license issuance, for the purpose of tracking and reporting TS Per User CAL usage";""
"MIG0083";"Hannah";"Johnson";"Hannah Johnson";"OnlyMAGS";"onlymags.local";"employee0083@onlymags.local";"Mags";"mags.local";"hannah.johnson";"hannah.johnson@mags.local";"IT";"Employee";"OU=IT,DC=mags,DC=local";"GG-IT";"";""
"MIG0084";"Charlotte";"Moore";"Charlotte Moore";"OnlyMAGS";"onlymags.local";"employee0084@onlymags.local";"Mags";"mags.local";"charlotte.moore";"charlotte.moore@mags.local";"IT";"Employee";"OU=IT,DC=mags,DC=local";"GG-IT|Users|Terminal Server License Servers";"Users are prevented from making accidental or intentional system-wide changes and can run most applications|Members of this group can update user accounts in Active Directory with information about license issuance, for the purpose of tracking and reporting TS Per User CAL usage";""
"MIG0085";"Claire";"Allen";"Claire Allen";"OnlyMAGS";"onlymags.local";"employee0085@onlymags.local";"Mags";"mags.local";"claire.allen";"claire.allen@mags.local";"IT";"Employee";"OU=IT,DC=mags,DC=local";"GG-IT";"";""
"MIG0086";"Noah";"Thompson";"Noah Thompson";"OnlyMAGS";"onlymags.local";"employee0086@onlymags.local";"Mags";"mags.local";"noah.thompson";"noah.thompson@mags.local";"Salg";"Employee · Salg";"OU=Salg,DC=mags,DC=local";"GG-Salg";"";""
"MIG0087";"Lucas";"Robinson";"Lucas Robinson";"OnlyMAGS";"onlymags.local";"employee0087@onlymags.local";"Mags";"mags.local";"lucas.robinson";"lucas.robinson@mags.local";"Salg";"Employee · Salg";"OU=Salg,DC=mags,DC=local";"GG-Salg|Users";"Users are prevented from making accidental or intentional system-wide changes and can run most applications";""
"MIG0088";"Michael";"Mitchell";"Michael Mitchell";"OnlyMAGS";"onlymags.local";"employee0088@onlymags.local";"Mags";"mags.local";"michael.mitchell";"michael.mitchell@mags.local";"IT";"Employee";"OU=IT,DC=mags,DC=local";"GG-IT|Terminal Server License Servers|Users";"Members of this group can update user accounts in Active Directory with information about license issuance, for the purpose of tracking and reporting TS Per User CAL usage|Users are prevented from making accidental or intentional system-wide changes and can run most applications";""
"MIG0089";"Jessica";"Edwards";"Jessica Edwards";"OnlyMAGS";"onlymags.local";"employee0089@onlymags.local";"Mags";"mags.local";"jessica.edwards";"jessica.edwards@mags.local";"Salg";"Employee · Salg";"OU=Salg,DC=mags,DC=local";"GG-Salg";"";""
"MIG0090";"Sarah";"Jones";"Sarah Jones";"OnlyMAGS";"onlymags.local";"employee0090@onlymags.local";"Mags";"mags.local";"sarah.jones";"sarah.jones@mags.local";"IT";"Employee";"OU=IT,DC=mags,DC=local";"GG-IT|Terminal Server License Servers";"Members of this group can update user accounts in Active Directory with information about license issuance, for the purpose of tracking and reporting TS Per User CAL usage";""
"MIG0091";"Grace";"Parker";"Grace Parker";"OnlyMAGS";"onlymags.local";"employee0091@onlymags.local";"Mags";"mags.local";"grace.parker";"grace.parker@mags.local";"Salg";"Employee · Salg";"OU=Salg,DC=mags,DC=local";"GG-Salg|Users|Terminal Server License Servers";"Users are prevented from making accidental or intentional system-wide changes and can run most applications|Members of this group can update user accounts in Active Directory with information about license issuance, for the purpose of tracking and reporting TS Per User CAL usage";""
"MIG0092";"Ethan";"Walker";"Ethan Walker";"OnlyMAGS";"onlymags.local";"employee0092@onlymags.local";"Mags";"mags.local";"ethan.walker";"ethan.walker@mags.local";"IT";"Employee";"OU=IT,DC=mags,DC=local";"GG-IT";"";""
"MIG0093";"Victoria";"Allen";"Victoria Allen";"OnlyMAGS";"onlymags.local";"employee0093@onlymags.local";"Mags";"mags.local";"victoria.allen";"victoria.allen@mags.local";"IT";"Employee";"OU=IT,DC=mags,DC=local";"GG-IT|Terminal Server License Servers|Users";"Members of this group can update user accounts in Active Directory with information about license issuance, for the purpose of tracking and reporting TS Per User CAL usage|Users are prevented from making accidental or intentional system-wide changes and can run most applications";""
"MIG0094";"Grace";"Jones";"Grace Jones";"OnlyMAGS";"onlymags.local";"employee0094@onlymags.local";"Mags";"mags.local";"grace.jones";"grace.jones@mags.local";"IT";"Employee";"OU=IT,DC=mags,DC=local";"GG-IT|Terminal Server License Servers|Users";"Members of this group can update user accounts in Active Directory with information about license issuance, for the purpose of tracking and reporting TS Per User CAL usage|Users are prevented from making accidental or intentional system-wide changes and can run most applications";""
"MIG0095";"Claire";"Mitchell";"Claire Mitchell";"OnlyMAGS";"onlymags.local";"employee0095@onlymags.local";"Mags";"mags.local";"claire.mitchell";"claire.mitchell@mags.local";"Salg";"Employee · Salg";"OU=Salg,DC=mags,DC=local";"GG-Salg|Terminal Server License Servers|Users";"Members of this group can update user accounts in Active Directory with information about license issuance, for the purpose of tracking and reporting TS Per User CAL usage|Users are prevented from making accidental or intentional system-wide changes and can run most applications";""
"MIG0096";"William";"Evans";"William Evans";"OnlyMAGS";"onlymags.local";"employee0096@onlymags.local";"Mags";"mags.local";"william.evans";"william.evans@mags.local";"IT";"Employee";"OU=IT,DC=mags,DC=local";"GG-IT|Terminal Server License Servers";"Members of this group can update user accounts in Active Directory with information about license issuance, for the purpose of tracking and reporting TS Per User CAL usage";""
"MIG0097";"Benjamin";"Wood";"Benjamin Wood";"OnlyMAGS";"onlymags.local";"employee0097@onlymags.local";"Mags";"mags.local";"benjamin.wood";"benjamin.wood@mags.local";"IT";"Employee";"OU=IT,DC=mags,DC=local";"GG-IT|Terminal Server License Servers";"Members of this group can update user accounts in Active Directory with information about license issuance, for the purpose of tracking and reporting TS Per User CAL usage";""
"MIG0098";"Charlotte";"Parker";"Charlotte Parker";"OnlyMAGS";"onlymags.local";"employee0098@onlymags.local";"Mags";"mags.local";"charlotte.parker";"charlotte.parker@mags.local";"IT";"Employee";"OU=IT,DC=mags,DC=local";"GG-IT|Users";"Users are prevented from making accidental or intentional system-wide changes and can run most applications";""
"MIG0099";"Isabella";"Harris";"Isabella Harris";"OnlyMAGS";"onlymags.local";"employee0099@onlymags.local";"Mags";"mags.local";"isabella.harris";"isabella.harris@mags.local";"IT";"Employee";"OU=IT,DC=mags,DC=local";"GG-IT|Users|Terminal Server License Servers";"Users are prevented from making accidental or intentional system-wide changes and can run most applications|Members of this group can update user accounts in Active Directory with information about license issuance, for the purpose of tracking and reporting TS Per User CAL usage";""
"MIG0100";"James";"Roberts";"James Roberts";"OnlyMAGS";"onlymags.local";"employee0100@onlymags.local";"Mags";"mags.local";"james.roberts";"james.roberts@mags.local";"IT";"Employee";"OU=IT,DC=mags,DC=local";"GG-IT|Terminal Server License Servers";"Members of this group can update user accounts in Active Directory with information about license issuance, for the purpose of tracking and reporting TS Per User CAL usage";""
"MIG0101";"Grace";"Ward";"Grace Ward";"OnlyMAGS";"onlymags.local";"employee0101@onlymags.local";"Mags";"mags.local";"grace.ward";"grace.ward@mags.local";"Salg";"Employee · Salg";"OU=Salg,DC=mags,DC=local";"GG-Salg";"";""
"MIG0102";"Isabella";"Thompson";"Isabella Thompson";"OnlyMAGS";"onlymags.local";"employee0102@onlymags.local";"Mags";"mags.local";"isabella.thompson";"isabella.thompson@mags.local";"Salg";"Employee · Salg";"OU=Salg,DC=mags,DC=local";"GG-Salg";"";""
"MIG0103";"Lucy";"King";"Lucy King";"OnlyMAGS";"onlymags.local";"employee0103@onlymags.local";"Mags";"mags.local";"lucy.king";"lucy.king@mags.local";"IT";"Employee";"OU=IT,DC=mags,DC=local";"GG-IT|Terminal Server License Servers|Users";"Members of this group can update user accounts in Active Directory with information about license issuance, for the purpose of tracking and reporting TS Per User CAL usage|Users are prevented from making accidental or intentional system-wide changes and can run most applications";""
"MIG0104";"Daniel";"Ward";"Daniel Ward";"OnlyMAGS";"onlymags.local";"employee0104@onlymags.local";"Mags";"mags.local";"daniel.ward";"daniel.ward@mags.local";"Salg";"Employee · Salg";"OU=Salg,DC=mags,DC=local";"GG-Salg|Terminal Server License Servers|Users";"Members of this group can update user accounts in Active Directory with information about license issuance, for the purpose of tracking and reporting TS Per User CAL usage|Users are prevented from making accidental or intentional system-wide changes and can run most applications";""
"MIG0105";"Hannah";"Scott";"Hannah Scott";"OnlyMAGS";"onlymags.local";"employee0105@onlymags.local";"Mags";"mags.local";"hannah.scott";"hannah.scott@mags.local";"IT";"Employee";"OU=IT,DC=mags,DC=local";"GG-IT|Users|Terminal Server License Servers";"Users are prevented from making accidental or intentional system-wide changes and can run most applications|Members of this group can update user accounts in Active Directory with information about license issuance, for the purpose of tracking and reporting TS Per User CAL usage";""
"MIG0106";"James";"Williams";"James Williams";"OnlyMAGS";"onlymags.local";"employee0106@onlymags.local";"Mags";"mags.local";"james.williams";"james.williams@mags.local";"Salg";"Employee · Salg";"OU=Salg,DC=mags,DC=local";"GG-Salg";"";""
"MIG0107";"Sarah";"Thompson";"Sarah Thompson";"OnlyMAGS";"onlymags.local";"employee0107@onlymags.local";"Mags";"mags.local";"sarah.thompson";"sarah.thompson@mags.local";"IT";"Employee";"OU=IT,DC=mags,DC=local";"GG-IT|Terminal Server License Servers";"Members of this group can update user accounts in Active Directory with information about license issuance, for the purpose of tracking and reporting TS Per User CAL usage";""
"MIG0108";"Lucy";"Brown";"Lucy Brown";"OnlyMAGS";"onlymags.local";"employee0108@onlymags.local";"Mags";"mags.local";"lucy.brown";"lucy.brown@mags.local";"IT";"Employee";"OU=IT,DC=mags,DC=local";"GG-IT|Terminal Server License Servers";"Members of this group can update user accounts in Active Directory with information about license issuance, for the purpose of tracking and reporting TS Per User CAL usage";""
"MIG0109";"Jack";"Hill";"Jack Hill";"OnlyMAGS";"onlymags.local";"employee0109@onlymags.local";"Mags";"mags.local";"jack.hill";"jack.hill@mags.local";"IT";"Employee";"OU=IT,DC=mags,DC=local";"GG-IT|Users|Terminal Server License Servers";"Users are prevented from making accidental or intentional system-wide changes and can run most applications|Members of this group can update user accounts in Active Directory with information about license issuance, for the purpose of tracking and reporting TS Per User CAL usage";""
"MIG0110";"Emily";"Turner";"Emily Turner";"OnlyMAGS";"onlymags.local";"employee0110@onlymags.local";"Mags";"mags.local";"emily.turner";"emily.turner@mags.local";"Salg";"Employee · Salg";"OU=Salg,DC=mags,DC=local";"GG-Salg|Users|Terminal Server License Servers";"Users are prevented from making accidental or intentional system-wide changes and can run most applications|Members of this group can update user accounts in Active Directory with information about license issuance, for the purpose of tracking and reporting TS Per User CAL usage";""
"MIG0111";"Isabella";"Walker";"Isabella Walker";"OnlyMAGS";"onlymags.local";"employee0111@onlymags.local";"Mags";"mags.local";"isabella.walker";"isabella.walker@mags.local";"IT";"Employee";"OU=IT,DC=mags,DC=local";"GG-IT";"";""
"MIG0112";"Andrew";"Wright";"Andrew Wright";"OnlyMAGS";"onlymags.local";"employee0112@onlymags.local";"Mags";"mags.local";"andrew.wright";"andrew.wright@mags.local";"IT";"Employee";"OU=IT,DC=mags,DC=local";"GG-IT|Users|Terminal Server License Servers";"Users are prevented from making accidental or intentional system-wide changes and can run most applications|Members of this group can update user accounts in Active Directory with information about license issuance, for the purpose of tracking and reporting TS Per User CAL usage";""
"MIG0113";"Sophia";"Clark";"Sophia Clark";"OnlyMAGS";"onlymags.local";"employee0113@onlymags.local";"Mags";"mags.local";"sophia.clark";"sophia.clark@mags.local";"IT";"Employee";"OU=IT,DC=mags,DC=local";"GG-IT|Users";"Users are prevented from making accidental or intentional system-wide changes and can run most applications";""
"MIG0114";"Lily";"Campbell";"Lily Campbell";"OnlyMAGS";"onlymags.local";"employee0114@onlymags.local";"Mags";"mags.local";"lily.campbell";"lily.campbell@mags.local";"IT";"Employee";"OU=IT,DC=mags,DC=local";"GG-IT|Terminal Server License Servers";"Members of this group can update user accounts in Active Directory with information about license issuance, for the purpose of tracking and reporting TS Per User CAL usage";""
"MIG0115";"Jack";"Brown";"Jack Brown";"OnlyMAGS";"onlymags.local";"employee0115@onlymags.local";"Mags";"mags.local";"jack.brown";"jack.brown@mags.local";"IT";"Employee";"OU=IT,DC=mags,DC=local";"GG-IT|Users";"Users are prevented from making accidental or intentional system-wide changes and can run most applications";""
"MIG0116";"Thomas";"Robinson";"Thomas Robinson";"OnlyMAGS";"onlymags.local";"employee0116@onlymags.local";"Mags";"mags.local";"thomas.robinson";"thomas.robinson@mags.local";"IT";"Employee";"OU=IT,DC=mags,DC=local";"GG-IT|Terminal Server License Servers|Users";"Members of this group can update user accounts in Active Directory with information about license issuance, for the purpose of tracking and reporting TS Per User CAL usage|Users are prevented from making accidental or intentional system-wide changes and can run most applications";""
"MIG0117";"Jack";"Parker";"Jack Parker";"OnlyMAGS";"onlymags.local";"employee0117@onlymags.local";"Mags";"mags.local";"jack.parker";"jack.parker@mags.local";"Salg";"Employee · Salg";"OU=Salg,DC=mags,DC=local";"GG-Salg";"";""
"MIG0118";"Alfred";"Taylor";"Alfred Taylor";"OnlyMAGS";"onlymags.local";"employee0118@onlymags.local";"Mags";"mags.local";"alfred.taylor";"alfred.taylor@mags.local";"IT";"Employee";"OU=IT,DC=mags,DC=local";"GG-IT|Users|Terminal Server License Servers";"Users are prevented from making accidental or intentional system-wide changes and can run most applications|Members of this group can update user accounts in Active Directory with information about license issuance, for the purpose of tracking and reporting TS Per User CAL usage";""
"MIG0119";"Emily";"Cooper";"Emily Cooper";"OnlyMAGS";"onlymags.local";"employee0119@onlymags.local";"Mags";"mags.local";"emily.cooper";"emily.cooper@mags.local";"Salg";"Employee · Salg";"OU=Salg,DC=mags,DC=local";"GG-Salg";"";""
"MIG0120";"Claire";"Walker";"Claire Walker";"OnlyMAGS";"onlymags.local";"employee0120@onlymags.local";"Mags";"mags.local";"claire.walker";"claire.walker@mags.local";"Salg";"Employee · Salg";"OU=Salg,DC=mags,DC=local";"GG-Salg|Users|Terminal Server License Servers";"Users are prevented from making accidental or intentional system-wide changes and can run most applications|Members of this group can update user accounts in Active Directory with information about license issuance, for the purpose of tracking and reporting TS Per User CAL usage";""
"MIG0121";"Lily";"Wood";"Lily Wood";"OnlyMAGS";"onlymags.local";"employee0121@onlymags.local";"Mags";"mags.local";"lily.wood";"lily.wood@mags.local";"IT";"Employee";"OU=IT,DC=mags,DC=local";"GG-IT";"";""
"MIG0122";"Matthew";"Evans";"Matthew Evans";"OnlyMAGS";"onlymags.local";"employee0122@onlymags.local";"Mags";"mags.local";"matthew.evans";"matthew.evans@mags.local";"IT";"Employee";"OU=IT,DC=mags,DC=local";"GG-IT";"";""
"MIG0123";"Jack";"Jackson";"Jack Jackson";"OnlyMAGS";"onlymags.local";"employee0123@onlymags.local";"Mags";"mags.local";"jack.jackson";"jack.jackson@mags.local";"Salg";"Employee · Salg";"OU=Salg,DC=mags,DC=local";"GG-Salg|Terminal Server License Servers";"Members of this group can update user accounts in Active Directory with information about license issuance, for the purpose of tracking and reporting TS Per User CAL usage";""
"MIG0124";"William";"Davies";"William Davies";"OnlyMAGS";"onlymags.local";"employee0124@onlymags.local";"Mags";"mags.local";"william.davies";"william.davies@mags.local";"IT";"Employee";"OU=IT,DC=mags,DC=local";"GG-IT|Terminal Server License Servers";"Members of this group can update user accounts in Active Directory with information about license issuance, for the purpose of tracking and reporting TS Per User CAL usage";""
"MIG0125";"Lucas";"Davies";"Lucas Davies";"OnlyMAGS";"onlymags.local";"employee0125@onlymags.local";"Mags";"mags.local";"lucas.davies";"lucas.davies@mags.local";"Salg";"Employee · Salg";"OU=Salg,DC=mags,DC=local";"GG-Salg|Users|Terminal Server License Servers";"Users are prevented from making accidental or intentional system-wide changes and can run most applications|Members of this group can update user accounts in Active Directory with information about license issuance, for the purpose of tracking and reporting TS Per User CAL usage";""
"MIG0126";"Claire";"Harris";"Claire Harris";"OnlyMAGS";"onlymags.local";"employee0126@onlymags.local";"Mags";"mags.local";"claire.harris";"claire.harris@mags.local";"IT";"Employee";"OU=IT,DC=mags,DC=local";"GG-IT";"";""
"MIG0127";"Chloe";"Scott";"Chloe Scott";"OnlyMAGS";"onlymags.local";"employee0127@onlymags.local";"Mags";"mags.local";"chloe.scott";"chloe.scott@mags.local";"IT";"Employee";"OU=IT,DC=mags,DC=local";"GG-IT|Users|Terminal Server License Servers";"Users are prevented from making accidental or intentional system-wide changes and can run most applications|Members of this group can update user accounts in Active Directory with information about license issuance, for the purpose of tracking and reporting TS Per User CAL usage";""
"MIG0128";"Matthew";"Mitchell";"Matthew Mitchell";"OnlyMAGS";"onlymags.local";"employee0128@onlymags.local";"Mags";"mags.local";"matthew.mitchell";"matthew.mitchell@mags.local";"Salg";"Employee · Salg";"OU=Salg,DC=mags,DC=local";"GG-Salg";"";""
"MIG0129";"Joseph";"Brown";"Joseph Brown";"OnlyMAGS";"onlymags.local";"employee0129@onlymags.local";"Mags";"mags.local";"joseph.brown";"joseph.brown@mags.local";"IT";"Employee";"OU=IT,DC=mags,DC=local";"GG-IT";"";""
"MIG0130";"Noah";"Cooper";"Noah Cooper";"OnlyMAGS";"onlymags.local";"employee0130@onlymags.local";"Mags";"mags.local";"noah.cooper";"noah.cooper@mags.local";"Salg";"Employee · Salg";"OU=Salg,DC=mags,DC=local";"GG-Salg";"";""
"MIG0131";"Samuel";"Edwards";"Samuel Edwards";"OnlyMAGS";"onlymags.local";"employee0131@onlymags.local";"Mags";"mags.local";"samuel.edwards";"samuel.edwards@mags.local";"Salg";"Employee · Salg";"OU=Salg,DC=mags,DC=local";"GG-Salg";"";""
"MIG0132";"Thomas";"Jones";"Thomas Jones";"OnlyMAGS";"onlymags.local";"employee0132@onlymags.local";"Mags";"mags.local";"thomas.jones";"thomas.jones@mags.local";"Salg";"Employee · Salg";"OU=Salg,DC=mags,DC=local";"GG-Salg|Terminal Server License Servers|Users";"Members of this group can update user accounts in Active Directory with information about license issuance, for the purpose of tracking and reporting TS Per User CAL usage|Users are prevented from making accidental or intentional system-wide changes and can run most applications";""
"MIG0133";"Ella";"Cooper";"Ella Cooper";"OnlyMAGS";"onlymags.local";"employee0133@onlymags.local";"Mags";"mags.local";"ella.cooper";"ella.cooper@mags.local";"IT";"Employee";"OU=IT,DC=mags,DC=local";"GG-IT|Terminal Server License Servers";"Members of this group can update user accounts in Active Directory with information about license issuance, for the purpose of tracking and reporting TS Per User CAL usage";""
"MIG0134";"Jessica";"Harris";"Jessica Harris";"OnlyMAGS";"onlymags.local";"employee0134@onlymags.local";"Mags";"mags.local";"jessica.harris";"jessica.harris@mags.local";"Salg";"Employee · Salg";"OU=Salg,DC=mags,DC=local";"GG-Salg|Users|Terminal Server License Servers";"Users are prevented from making accidental or intentional system-wide changes and can run most applications|Members of this group can update user accounts in Active Directory with information about license issuance, for the purpose of tracking and reporting TS Per User CAL usage";""
"MIG0135";"James";"Johnson";"James Johnson";"OnlyMAGS";"onlymags.local";"employee0135@onlymags.local";"Mags";"mags.local";"james.johnson";"james.johnson@mags.local";"Salg";"Employee · Salg";"OU=Salg,DC=mags,DC=local";"GG-Salg|Users|Terminal Server License Servers";"Users are prevented from making accidental or intentional system-wide changes and can run most applications|Members of this group can update user accounts in Active Directory with information about license issuance, for the purpose of tracking and reporting TS Per User CAL usage";""
"MIG0136";"Thomas";"Morris";"Thomas Morris";"OnlyMAGS";"onlymags.local";"employee0136@onlymags.local";"Mags";"mags.local";"thomas.morris";"thomas.morris@mags.local";"IT";"Employee";"OU=IT,DC=mags,DC=local";"GG-IT";"";""
"MIG0137";"Michael";"Green";"Michael Green";"OnlyMAGS";"onlymags.local";"employee0137@onlymags.local";"Mags";"mags.local";"michael.green";"michael.green@mags.local";"Salg";"Employee · Salg";"OU=Salg,DC=mags,DC=local";"GG-Salg";"";""
"MIG0138";"Lucy";"Jones";"Lucy Jones";"OnlyMAGS";"onlymags.local";"employee0138@onlymags.local";"Mags";"mags.local";"lucy.jones";"lucy.jones@mags.local";"Salg";"Employee · Salg";"OU=Salg,DC=mags,DC=local";"GG-Salg|Users|Terminal Server License Servers";"Users are prevented from making accidental or intentional system-wide changes and can run most applications|Members of this group can update user accounts in Active Directory with information about license issuance, for the purpose of tracking and reporting TS Per User CAL usage";""
"MIG0139";"Ethan";"Hall";"Ethan Hall";"OnlyMAGS";"onlymags.local";"employee0139@onlymags.local";"Mags";"mags.local";"ethan.hall";"ethan.hall@mags.local";"IT";"Employee";"OU=IT,DC=mags,DC=local";"GG-IT";"";""
"MIG0140";"Sarah";"Wilson";"Sarah Wilson";"OnlyMAGS";"onlymags.local";"employee0140@onlymags.local";"Mags";"mags.local";"sarah.wilson";"sarah.wilson@mags.local";"IT";"Employee";"OU=IT,DC=mags,DC=local";"GG-IT|Terminal Server License Servers|Users";"Members of this group can update user accounts in Active Directory with information about license issuance, for the purpose of tracking and reporting TS Per User CAL usage|Users are prevented from making accidental or intentional system-wide changes and can run most applications";""
"MIG0141";"Emily";"Wright";"Emily Wright";"OnlyMAGS";"onlymags.local";"employee0141@onlymags.local";"Mags";"mags.local";"emily.wright";"emily.wright@mags.local";"IT";"Employee";"OU=IT,DC=mags,DC=local";"GG-IT|Terminal Server License Servers";"Members of this group can update user accounts in Active Directory with information about license issuance, for the purpose of tracking and reporting TS Per User CAL usage";""
"MIG0142";"Jack";"Turner";"Jack Turner";"OnlyMAGS";"onlymags.local";"employee0142@onlymags.local";"Mags";"mags.local";"jack.turner";"jack.turner@mags.local";"IT";"Employee";"OU=IT,DC=mags,DC=local";"GG-IT";"";""
"MIG0143";"George";"Smith";"George Smith";"OnlyMAGS";"onlymags.local";"employee0143@onlymags.local";"Mags";"mags.local";"george.smith";"george.smith@mags.local";"IT";"Employee";"OU=IT,DC=mags,DC=local";"GG-IT|Terminal Server License Servers|Users";"Members of this group can update user accounts in Active Directory with information about license issuance, for the purpose of tracking and reporting TS Per User CAL usage|Users are prevented from making accidental or intentional system-wide changes and can run most applications";""
"MIG0144";"Emily";"Martin";"Emily Martin";"OnlyMAGS";"onlymags.local";"employee0144@onlymags.local";"Mags";"mags.local";"emily.martin";"emily.martin@mags.local";"Salg";"Employee · Salg";"OU=Salg,DC=mags,DC=local";"GG-Salg|Users";"Users are prevented from making accidental or intentional system-wide changes and can run most applications";""
"MIG0145";"Victoria";"Parker";"Victoria Parker";"OnlyMAGS";"onlymags.local";"employee0145@onlymags.local";"Mags";"mags.local";"victoria.parker";"victoria.parker@mags.local";"IT";"Employee";"OU=IT,DC=mags,DC=local";"GG-IT";"";""
"MIG0146";"Samuel";"Cooper";"Samuel Cooper";"OnlyMAGS";"onlymags.local";"employee0146@onlymags.local";"Mags";"mags.local";"samuel.cooper";"samuel.cooper@mags.local";"IT";"Employee";"OU=IT,DC=mags,DC=local";"GG-IT|Terminal Server License Servers|Users";"Members of this group can update user accounts in Active Directory with information about license issuance, for the purpose of tracking and reporting TS Per User CAL usage|Users are prevented from making accidental or intentional system-wide changes and can run most applications";""
"MIG0147";"Chloe";"Parker";"Chloe Parker";"OnlyMAGS";"onlymags.local";"employee0147@onlymags.local";"Mags";"mags.local";"chloe.parker";"chloe.parker@mags.local";"IT";"Employee";"OU=IT,DC=mags,DC=local";"GG-IT";"";""
"MIG0148";"Ruby";"Roberts";"Ruby Roberts";"OnlyMAGS";"onlymags.local";"employee0148@onlymags.local";"Mags";"mags.local";"ruby.roberts";"ruby.roberts@mags.local";"IT";"Employee";"OU=IT,DC=mags,DC=local";"GG-IT|Users";"Users are prevented from making accidental or intentional system-wide changes and can run most applications";""
"MIG0149";"Ethan";"Clarke";"Ethan Clarke";"OnlyMAGS";"onlymags.local";"employee0149@onlymags.local";"Mags";"mags.local";"ethan.clarke";"ethan.clarke@mags.local";"IT";"Employee";"OU=IT,DC=mags,DC=local";"GG-IT|Terminal Server License Servers|Users";"Members of this group can update user accounts in Active Directory with information about license issuance, for the purpose of tracking and reporting TS Per User CAL usage|Users are prevented from making accidental or intentional system-wide changes and can run most applications";""
"MIG0150";"Olivia";"Green";"Olivia Green";"OnlyMAGS";"onlymags.local";"employee0150@onlymags.local";"Mags";"mags.local";"olivia.green";"olivia.green@mags.local";"IT";"Employee";"OU=IT,DC=mags,DC=local";"GG-IT";"";""
"MIG0151";"Ruby";"Taylor";"Ruby Taylor";"OnlyMAGS";"onlymags.local";"employee0151@onlymags.local";"Mags";"mags.local";"ruby.taylor";"ruby.taylor@mags.local";"Salg";"Employee · Salg";"OU=Salg,DC=mags,DC=local";"GG-Salg|Terminal Server License Servers|Users";"Members of this group can update user accounts in Active Directory with information about license issuance, for the purpose of tracking and reporting TS Per User CAL usage|Users are prevented from making accidental or intentional system-wide changes and can run most applications";""
"MIG0152";"Alfred";"Allen";"Alfred Allen";"OnlyMAGS";"onlymags.local";"employee0152@onlymags.local";"Mags";"mags.local";"alfred.allen";"alfred.allen@mags.local";"Salg";"Employee · Salg";"OU=Salg,DC=mags,DC=local";"GG-Salg|Users|Terminal Server License Servers";"Users are prevented from making accidental or intentional system-wide changes and can run most applications|Members of this group can update user accounts in Active Directory with information about license issuance, for the purpose of tracking and reporting TS Per User CAL usage";""
"MIG0153";"Claire";"Hill";"Claire Hill";"OnlyMAGS";"onlymags.local";"employee0153@onlymags.local";"Mags";"mags.local";"claire.hill";"claire.hill@mags.local";"Salg";"Employee · Salg";"OU=Salg,DC=mags,DC=local";"GG-Salg|Users";"Users are prevented from making accidental or intentional system-wide changes and can run most applications";""
"MIG0154";"Jack";"Clark";"Jack Clark";"OnlyMAGS";"onlymags.local";"employee0154@onlymags.local";"Mags";"mags.local";"jack.clark";"jack.clark@mags.local";"IT";"Employee";"OU=IT,DC=mags,DC=local";"GG-IT|Users";"Users are prevented from making accidental or intentional system-wide changes and can run most applications";""
"MIG0155";"Henry";"Wilson";"Henry Wilson";"OnlyMAGS";"onlymags.local";"employee0155@onlymags.local";"Mags";"mags.local";"henry.wilson";"henry.wilson@mags.local";"Salg";"Employee · Salg";"OU=Salg,DC=mags,DC=local";"GG-Salg|Terminal Server License Servers";"Members of this group can update user accounts in Active Directory with information about license issuance, for the purpose of tracking and reporting TS Per User CAL usage";""
"MIG0156";"Joseph";"Ward";"Joseph Ward";"OnlyMAGS";"onlymags.local";"employee0156@onlymags.local";"Mags";"mags.local";"joseph.ward";"joseph.ward@mags.local";"IT";"Employee";"OU=IT,DC=mags,DC=local";"GG-IT|Users|Terminal Server License Servers";"Users are prevented from making accidental or intentional system-wide changes and can run most applications|Members of this group can update user accounts in Active Directory with information about license issuance, for the purpose of tracking and reporting TS Per User CAL usage";""
"MIG0157";"Ella";"Wood";"Ella Wood";"OnlyMAGS";"onlymags.local";"employee0157@onlymags.local";"Mags";"mags.local";"ella.wood";"ella.wood@mags.local";"IT";"Employee";"OU=IT,DC=mags,DC=local";"GG-IT|Users";"Users are prevented from making accidental or intentional system-wide changes and can run most applications";""
"MIG0158";"James";"Wilson";"James Wilson";"OnlyMAGS";"onlymags.local";"employee0158@onlymags.local";"Mags";"mags.local";"james.wilson";"james.wilson@mags.local";"IT";"Employee";"OU=IT,DC=mags,DC=local";"GG-IT";"";""
"MIG0159";"Andrew";"Roberts";"Andrew Roberts";"OnlyMAGS";"onlymags.local";"employee0159@onlymags.local";"Mags";"mags.local";"andrew.roberts";"andrew.roberts@mags.local";"IT";"Employee";"OU=IT,DC=mags,DC=local";"GG-IT|Terminal Server License Servers|Users";"Members of this group can update user accounts in Active Directory with information about license issuance, for the purpose of tracking and reporting TS Per User CAL usage|Users are prevented from making accidental or intentional system-wide changes and can run most applications";""
"MIG0160";"Ruby";"Davies";"Ruby Davies";"OnlyMAGS";"onlymags.local";"employee0160@onlymags.local";"Mags";"mags.local";"ruby.davies";"ruby.davies@mags.local";"IT";"Employee";"OU=IT,DC=mags,DC=local";"GG-IT|Users|Terminal Server License Servers";"Users are prevented from making accidental or intentional system-wide changes and can run most applications|Members of this group can update user accounts in Active Directory with information about license issuance, for the purpose of tracking and reporting TS Per User CAL usage";""
"MIG0161";"Isabella";"Roberts";"Isabella Roberts";"OnlyMAGS";"onlymags.local";"employee0161@onlymags.local";"Mags";"mags.local";"isabella.roberts";"isabella.roberts@mags.local";"Salg";"Employee · Salg";"OU=Salg,DC=mags,DC=local";"GG-Salg";"";""
"MIG0162";"Ella";"Ward";"Ella Ward";"OnlyMAGS";"onlymags.local";"employee0162@onlymags.local";"Mags";"mags.local";"ella.ward";"ella.ward@mags.local";"Salg";"Employee · Salg";"OU=Salg,DC=mags,DC=local";"GG-Salg";"";""
"MIG0163";"Grace";"Baker";"Grace Baker";"OnlyMAGS";"onlymags.local";"employee0163@onlymags.local";"Mags";"mags.local";"grace.baker";"grace.baker@mags.local";"IT";"Employee";"OU=IT,DC=mags,DC=local";"GG-IT|Terminal Server License Servers|Users";"Members of this group can update user accounts in Active Directory with information about license issuance, for the purpose of tracking and reporting TS Per User CAL usage|Users are prevented from making accidental or intentional system-wide changes and can run most applications";""
"MIG0164";"Sophia";"Morris";"Sophia Morris";"OnlyMAGS";"onlymags.local";"employee0164@onlymags.local";"Mags";"mags.local";"sophia.morris";"sophia.morris@mags.local";"Salg";"Employee · Salg";"OU=Salg,DC=mags,DC=local";"GG-Salg|Terminal Server License Servers";"Members of this group can update user accounts in Active Directory with information about license issuance, for the purpose of tracking and reporting TS Per User CAL usage";""
"MIG0165";"Grace";"Walker";"Grace Walker";"OnlyMAGS";"onlymags.local";"employee0165@onlymags.local";"Mags";"mags.local";"grace.walker";"grace.walker@mags.local";"IT";"Employee";"OU=IT,DC=mags,DC=local";"GG-IT|Users|Terminal Server License Servers";"Users are prevented from making accidental or intentional system-wide changes and can run most applications|Members of this group can update user accounts in Active Directory with information about license issuance, for the purpose of tracking and reporting TS Per User CAL usage";""
"MIG0166";"Emma";"Robinson";"Emma Robinson";"OnlyMAGS";"onlymags.local";"employee0166@onlymags.local";"Mags";"mags.local";"emma.robinson";"emma.robinson@mags.local";"IT";"Employee";"OU=IT,DC=mags,DC=local";"GG-IT";"";""
"MIG0167";"Ruby";"White";"Ruby White";"OnlyMAGS";"onlymags.local";"employee0167@onlymags.local";"Mags";"mags.local";"ruby.white";"ruby.white@mags.local";"Salg";"Employee · Salg";"OU=Salg,DC=mags,DC=local";"GG-Salg|Users|Terminal Server License Servers";"Users are prevented from making accidental or intentional system-wide changes and can run most applications|Members of this group can update user accounts in Active Directory with information about license issuance, for the purpose of tracking and reporting TS Per User CAL usage";""
"MIG0168";"Alice";"Allen";"Alice Allen";"OnlyMAGS";"onlymags.local";"employee0168@onlymags.local";"Mags";"mags.local";"alice.allen";"alice.allen@mags.local";"IT";"Employee";"OU=IT,DC=mags,DC=local";"GG-IT|Terminal Server License Servers|Users";"Members of this group can update user accounts in Active Directory with information about license issuance, for the purpose of tracking and reporting TS Per User CAL usage|Users are prevented from making accidental or intentional system-wide changes and can run most applications";""
"MIG0169";"Jack";"Allen";"Jack Allen";"OnlyMAGS";"onlymags.local";"employee0169@onlymags.local";"Mags";"mags.local";"jack.allen";"jack.allen@mags.local";"IT";"Employee";"OU=IT,DC=mags,DC=local";"GG-IT";"";""
"MIG0170";"Grace";"Wright";"Grace Wright";"OnlyMAGS";"onlymags.local";"employee0170@onlymags.local";"Mags";"mags.local";"grace.wright";"grace.wright@mags.local";"Salg";"Employee · Salg";"OU=Salg,DC=mags,DC=local";"GG-Salg|Users|Terminal Server License Servers";"Users are prevented from making accidental or intentional system-wide changes and can run most applications|Members of this group can update user accounts in Active Directory with information about license issuance, for the purpose of tracking and reporting TS Per User CAL usage";""
"MIG0171";"George";"Roberts";"George Roberts";"OnlyMAGS";"onlymags.local";"employee0171@onlymags.local";"Mags";"mags.local";"george.roberts";"george.roberts@mags.local";"IT";"Employee";"OU=IT,DC=mags,DC=local";"GG-IT|Users|Terminal Server License Servers";"Users are prevented from making accidental or intentional system-wide changes and can run most applications|Members of this group can update user accounts in Active Directory with information about license issuance, for the purpose of tracking and reporting TS Per User CAL usage";""
"MIG0172";"Ella";"Allen";"Ella Allen";"OnlyMAGS";"onlymags.local";"employee0172@onlymags.local";"Mags";"mags.local";"ella.allen";"ella.allen@mags.local";"Salg";"Employee · Salg";"OU=Salg,DC=mags,DC=local";"GG-Salg";"";""
"MIG0173";"Emily";"Robinson";"Emily Robinson";"OnlyMAGS";"onlymags.local";"employee0173@onlymags.local";"Mags";"mags.local";"emily.robinson";"emily.robinson@mags.local";"Salg";"Employee · Salg";"OU=Salg,DC=mags,DC=local";"GG-Salg";"";""
"MIG0174";"Alfred";"Clark";"Alfred Clark";"OnlyMAGS";"onlymags.local";"employee0174@onlymags.local";"Mags";"mags.local";"alfred.clark";"alfred.clark@mags.local";"IT";"Employee";"OU=IT,DC=mags,DC=local";"GG-IT|Terminal Server License Servers";"Members of this group can update user accounts in Active Directory with information about license issuance, for the purpose of tracking and reporting TS Per User CAL usage";""
"MIG0175";"Sarah";"Wood";"Sarah Wood";"OnlyMAGS";"onlymags.local";"employee0175@onlymags.local";"Mags";"mags.local";"sarah.wood";"sarah.wood@mags.local";"Salg";"Employee · Salg";"OU=Salg,DC=mags,DC=local";"GG-Salg|Users|Terminal Server License Servers";"Users are prevented from making accidental or intentional system-wide changes and can run most applications|Members of this group can update user accounts in Active Directory with information about license issuance, for the purpose of tracking and reporting TS Per User CAL usage";""
"MIG0176";"Isabella";"Ward";"Isabella Ward";"OnlyMAGS";"onlymags.local";"employee0176@onlymags.local";"Mags";"mags.local";"isabella.ward";"isabella.ward@mags.local";"Salg";"Employee · Salg";"OU=Salg,DC=mags,DC=local";"GG-Salg";"";""
"MIG0177";"Matthew";"White";"Matthew White";"OnlyMAGS";"onlymags.local";"employee0177@onlymags.local";"Mags";"mags.local";"matthew.white";"matthew.white@mags.local";"IT";"Employee";"OU=IT,DC=mags,DC=local";"GG-IT";"";""
"MIG0178";"Emma";"Scott";"Emma Scott";"OnlyMAGS";"onlymags.local";"employee0178@onlymags.local";"Mags";"mags.local";"emma.scott";"emma.scott@mags.local";"IT";"Employee";"OU=IT,DC=mags,DC=local";"GG-IT|Users";"Users are prevented from making accidental or intentional system-wide changes and can run most applications";""
"MIG0179";"Lucy";"Cooper";"Lucy Cooper";"OnlyMAGS";"onlymags.local";"employee0179@onlymags.local";"Mags";"mags.local";"lucy.cooper";"lucy.cooper@mags.local";"IT";"Employee";"OU=IT,DC=mags,DC=local";"GG-IT|Users|Terminal Server License Servers";"Users are prevented from making accidental or intentional system-wide changes and can run most applications|Members of this group can update user accounts in Active Directory with information about license issuance, for the purpose of tracking and reporting TS Per User CAL usage";""
"MIG0180";"Benjamin";"Jones";"Benjamin Jones";"OnlyMAGS";"onlymags.local";"employee0180@onlymags.local";"Mags";"mags.local";"benjamin.jones";"benjamin.jones@mags.local";"IT";"Employee";"OU=IT,DC=mags,DC=local";"GG-IT|Users";"Users are prevented from making accidental or intentional system-wide changes and can run most applications";""
"MIG0181";"Isabella";"King";"Isabella King";"OnlyMAGS";"onlymags.local";"employee0181@onlymags.local";"Mags";"mags.local";"isabella.king";"isabella.king@mags.local";"Salg";"Employee · Salg";"OU=Salg,DC=mags,DC=local";"GG-Salg";"";""
"MIG0182";"Grace";"Clarke";"Grace Clarke";"OnlyMAGS";"onlymags.local";"employee0182@onlymags.local";"Mags";"mags.local";"grace.clarke";"grace.clarke@mags.local";"IT";"Employee";"OU=IT,DC=mags,DC=local";"GG-IT";"";""
"MIG0183";"Thomas";"Hill";"Thomas Hill";"OnlyMAGS";"onlymags.local";"employee0183@onlymags.local";"Mags";"mags.local";"thomas.hill";"thomas.hill@mags.local";"Salg";"Employee · Salg";"OU=Salg,DC=mags,DC=local";"GG-Salg|Users";"Users are prevented from making accidental or intentional system-wide changes and can run most applications";""
"MIG0184";"Amber";"Robinson";"Amber Robinson";"OnlyMAGS";"onlymags.local";"employee0184@onlymags.local";"Mags";"mags.local";"amber.robinson";"amber.robinson@mags.local";"Salg";"Employee · Salg";"OU=Salg,DC=mags,DC=local";"GG-Salg|Terminal Server License Servers";"Members of this group can update user accounts in Active Directory with information about license issuance, for the purpose of tracking and reporting TS Per User CAL usage";""
"MIG0185";"Olivia";"Jones";"Olivia Jones";"OnlyMAGS";"onlymags.local";"employee0185@onlymags.local";"Mags";"mags.local";"olivia.jones";"olivia.jones@mags.local";"IT";"Employee";"OU=IT,DC=mags,DC=local";"GG-IT";"";""
"MIG0186";"Charles";"Scott";"Charles Scott";"OnlyMAGS";"onlymags.local";"employee0186@onlymags.local";"Mags";"mags.local";"charles.scott";"charles.scott@mags.local";"IT";"Employee";"OU=IT,DC=mags,DC=local";"GG-IT|Users|Terminal Server License Servers";"Users are prevented from making accidental or intentional system-wide changes and can run most applications|Members of this group can update user accounts in Active Directory with information about license issuance, for the purpose of tracking and reporting TS Per User CAL usage";""
"MIG0187";"Alice";"Johnson";"Alice Johnson";"OnlyMAGS";"onlymags.local";"employee0187@onlymags.local";"Mags";"mags.local";"alice.johnson";"alice.johnson@mags.local";"IT";"Employee";"OU=IT,DC=mags,DC=local";"GG-IT";"";""
"MIG0188";"Alfred";"Hughes";"Alfred Hughes";"OnlyMAGS";"onlymags.local";"employee0188@onlymags.local";"Mags";"mags.local";"alfred.hughes";"alfred.hughes@mags.local";"IT";"Employee";"OU=IT,DC=mags,DC=local";"GG-IT|Terminal Server License Servers";"Members of this group can update user accounts in Active Directory with information about license issuance, for the purpose of tracking and reporting TS Per User CAL usage";""
"MIG0189";"Lily";"Roberts";"Lily Roberts";"OnlyMAGS";"onlymags.local";"employee0189@onlymags.local";"Mags";"mags.local";"lily.roberts";"lily.roberts@mags.local";"Salg";"Employee · Salg";"OU=Salg,DC=mags,DC=local";"GG-Salg|Terminal Server License Servers";"Members of this group can update user accounts in Active Directory with information about license issuance, for the purpose of tracking and reporting TS Per User CAL usage";""
"MIG0190";"Amber";"Roberts";"Amber Roberts";"OnlyMAGS";"onlymags.local";"employee0190@onlymags.local";"Mags";"mags.local";"amber.roberts";"amber.roberts@mags.local";"IT";"Employee";"OU=IT,DC=mags,DC=local";"GG-IT|Users|Terminal Server License Servers";"Users are prevented from making accidental or intentional system-wide changes and can run most applications|Members of this group can update user accounts in Active Directory with information about license issuance, for the purpose of tracking and reporting TS Per User CAL usage";""
"MIG0191";"Emma";"Johnson";"Emma Johnson";"OnlyMAGS";"onlymags.local";"employee0191@onlymags.local";"Mags";"mags.local";"emma.johnson";"emma.johnson@mags.local";"IT";"Employee";"OU=IT,DC=mags,DC=local";"GG-IT";"";""
"MIG0192";"Noah";"Clark";"Noah Clark";"OnlyMAGS";"onlymags.local";"employee0192@onlymags.local";"Mags";"mags.local";"noah.clark";"noah.clark@mags.local";"IT";"Employee";"OU=IT,DC=mags,DC=local";"GG-IT|Users|Terminal Server License Servers";"Users are prevented from making accidental or intentional system-wide changes and can run most applications|Members of this group can update user accounts in Active Directory with information about license issuance, for the purpose of tracking and reporting TS Per User CAL usage";""
"MIG0193";"Ethan";"Clark";"Ethan Clark";"OnlyMAGS";"onlymags.local";"employee0193@onlymags.local";"Mags";"mags.local";"ethan.clark";"ethan.clark@mags.local";"Salg";"Employee · Salg";"OU=Salg,DC=mags,DC=local";"GG-Salg|Terminal Server License Servers|Users";"Members of this group can update user accounts in Active Directory with information about license issuance, for the purpose of tracking and reporting TS Per User CAL usage|Users are prevented from making accidental or intentional system-wide changes and can run most applications";""
"MIG0194";"Alice";"Scott";"Alice Scott";"OnlyMAGS";"onlymags.local";"employee0194@onlymags.local";"Mags";"mags.local";"alice.scott";"alice.scott@mags.local";"IT";"Employee";"OU=IT,DC=mags,DC=local";"GG-IT";"";""
"MIG0195";"Charlotte";"Baker";"Charlotte Baker";"OnlyMAGS";"onlymags.local";"employee0195@onlymags.local";"Mags";"mags.local";"charlotte.baker";"charlotte.baker@mags.local";"Salg";"Employee · Salg";"OU=Salg,DC=mags,DC=local";"GG-Salg";"";""
"MIG0196";"Michael";"Ward";"Michael Ward";"OnlyMAGS";"onlymags.local";"employee0196@onlymags.local";"Mags";"mags.local";"michael.ward";"michael.ward@mags.local";"Salg";"Employee · Salg";"OU=Salg,DC=mags,DC=local";"GG-Salg|Terminal Server License Servers";"Members of this group can update user accounts in Active Directory with information about license issuance, for the purpose of tracking and reporting TS Per User CAL usage";""
"MIG0197";"Lucy";"Roberts";"Lucy Roberts";"OnlyMAGS";"onlymags.local";"employee0197@onlymags.local";"Mags";"mags.local";"lucy.roberts";"lucy.roberts@mags.local";"Salg";"Employee · Salg";"OU=Salg,DC=mags,DC=local";"GG-Salg|Users|Terminal Server License Servers";"Users are prevented from making accidental or intentional system-wide changes and can run most applications|Members of this group can update user accounts in Active Directory with information about license issuance, for the purpose of tracking and reporting TS Per User CAL usage";""
"MIG0198";"Alice";"Hughes";"Alice Hughes";"OnlyMAGS";"onlymags.local";"employee0198@onlymags.local";"Mags";"mags.local";"alice.hughes";"alice.hughes@mags.local";"IT";"Employee";"OU=IT,DC=mags,DC=local";"GG-IT";"";""
"MIG0199";"Henry";"Baker";"Henry Baker";"OnlyMAGS";"onlymags.local";"employee0199@onlymags.local";"Mags";"mags.local";"henry.baker";"henry.baker@mags.local";"IT";"Employee";"OU=IT,DC=mags,DC=local";"GG-IT|Users";"Users are prevented from making accidental or intentional system-wide changes and can run most applications";""
"MIG0200";"Matthew";"Jones";"Matthew Jones";"OnlyMAGS";"onlymags.local";"employee0200@onlymags.local";"Mags";"mags.local";"matthew.jones";"matthew.jones@mags.local";"IT";"Employee";"OU=IT,DC=mags,DC=local";"GG-IT|Users|Terminal Server License Servers";"Users are prevented from making accidental or intentional system-wide changes and can run most applications|Members of this group can update user accounts in Active Directory with information about license issuance, for the purpose of tracking and reporting TS Per User CAL usage";""
