"SamAccountName","UserPrincipalName","Status","Details","TargetOU","Groups","ExpectedGPOs","Permissions"
"alfred.cooper","alfred.cooper@mags.local","Created","Account enabled; password change required at first logon.","OU=IT,DC=mags,DC=local","CN=GG-IT,OU=IT,DC=mags,DC=local|CN=Terminal Server License Servers,CN=Builtin,DC=mags,DC=local|CN=Users,CN=Builtin,DC=mags,DC=local","","Members of this group can update user accounts in Active Directory with information about license issuance, for the purpose of tracking and reporting TS Per User CAL usage|Users are prevented from making accidental or intentional system-wide changes and can run most applications"
"charlotte.wood","charlotte.wood@mags.local","Created","Account enabled; password change required at first logon.","OU=Salg,DC=mags,DC=local","CN=GG-Salg,OU=Salg,DC=mags,DC=local|CN=Terminal Server License Servers,CN=Builtin,DC=mags,DC=local|CN=Users,CN=Builtin,DC=mags,DC=local","","Users are prevented from making accidental or intentional system-wide changes and can run most applications|Members of this group can update user accounts in Active Directory with information about license issuance, for the purpose of tracking and reporting TS Per User CAL usage"
"ruby.wood","ruby.wood@mags.local","Created","Account enabled; password change required at first logon.","OU=Salg,DC=mags,DC=local","CN=GG-Salg,OU=Salg,DC=mags,DC=local|CN=Terminal Server License Servers,CN=Builtin,DC=mags,DC=local|CN=Users,CN=Builtin,DC=mags,DC=local","","Members of this group can update user accounts in Active Directory with information about license issuance, for the purpose of tracking and reporting TS Per User CAL usage|Users are prevented from making accidental or intentional system-wide changes and can run most applications"
"emma.campbell","emma.campbell@mags.local","Created","Account enabled; password change required at first logon.","OU=IT,DC=mags,DC=local","CN=GG-IT,OU=IT,DC=mags,DC=local","",""
"sophia.robinson","sophia.robinson@mags.local","Created","Account enabled; password change required at first logon.","OU=IT,DC=mags,DC=local","CN=GG-IT,OU=IT,DC=mags,DC=local|CN=Terminal Server License Servers,CN=Builtin,DC=mags,DC=local|CN=Users,CN=Builtin,DC=mags,DC=local","","Users are prevented from making accidental or intentional system-wide changes and can run most applications|Members of this group can update user accounts in Active Directory with information about license issuance, for the purpose of tracking and reporting TS Per User CAL usage"
"william.jones","william.jones@mags.local","Created","Account enabled; password change required at first logon.","OU=Salg,DC=mags,DC=local","CN=GG-Salg,OU=Salg,DC=mags,DC=local|CN=Terminal Server License Servers,CN=Builtin,DC=mags,DC=local|CN=Users,CN=Builtin,DC=mags,DC=local","","Members of this group can update user accounts in Active Directory with information about license issuance, for the purpose of tracking and reporting TS Per User CAL usage|Users are prevented from making accidental or intentional system-wide changes and can run most applications"
"joseph.green","joseph.green@mags.local","Created","Account enabled; password change required at first logon.","OU=IT,DC=mags,DC=local","CN=GG-IT,OU=IT,DC=mags,DC=local|CN=Terminal Server License Servers,CN=Builtin,DC=mags,DC=local|CN=Users,CN=Builtin,DC=mags,DC=local","","Users are prevented from making accidental or intentional system-wide changes and can run most applications|Members of this group can update user accounts in Active Directory with information about license issuance, for the purpose of tracking and reporting TS Per User CAL usage"
"charlotte.white","charlotte.white@mags.local","Created","Account enabled; password change required at first logon.","OU=Salg,DC=mags,DC=local","CN=GG-Salg,OU=Salg,DC=mags,DC=local","",""
"oliver.turner","oliver.turner@mags.local","Created","Account enabled; password change required at first logon.","OU=Salg,DC=mags,DC=local","CN=GG-Salg,OU=Salg,DC=mags,DC=local|CN=Terminal Server License Servers,CN=Builtin,DC=mags,DC=local|CN=Users,CN=Builtin,DC=mags,DC=local","","Users are prevented from making accidental or intentional system-wide changes and can run most applications|Members of this group can update user accounts in Active Directory with information about license issuance, for the purpose of tracking and reporting TS Per User CAL usage"
"charlotte.clark","charlotte.clark@mags.local","Created","Account enabled; password change required at first logon.","OU=IT,DC=mags,DC=local","CN=GG-IT,OU=IT,DC=mags,DC=local|CN=Terminal Server License Servers,CN=Builtin,DC=mags,DC=local|CN=Users,CN=Builtin,DC=mags,DC=local","","Members of this group can update user accounts in Active Directory with information about license issuance, for the purpose of tracking and reporting TS Per User CAL usage|Users are prevented from making accidental or intentional system-wide changes and can run most applications"
"alfred.morris","alfred.morris@mags.local","Created","Account enabled; password change required at first logon.","OU=Salg,DC=mags,DC=local","CN=GG-Salg,OU=Salg,DC=mags,DC=local","",""
"thomas.taylor","thomas.taylor@mags.local","Created","Account enabled; password change required at first logon.","OU=Salg,DC=mags,DC=local","CN=GG-Salg,OU=Salg,DC=mags,DC=local","",""
"andrew.evans","andrew.evans@mags.local","Created","Account enabled; password change required at first logon.","OU=Salg,DC=mags,DC=local","CN=GG-Salg,OU=Salg,DC=mags,DC=local|CN=Terminal Server License Servers,CN=Builtin,DC=mags,DC=local|CN=Users,CN=Builtin,DC=mags,DC=local","","Members of this group can update user accounts in Active Directory with information about license issuance, for the purpose of tracking and reporting TS Per User CAL usage|Users are prevented from making accidental or intentional system-wide changes and can run most applications"
"oliver.martin","oliver.martin@mags.local","Created","Account enabled; password change required at first logon.","OU=IT,DC=mags,DC=local","CN=GG-IT,OU=IT,DC=mags,DC=local|CN=Terminal Server License Servers,CN=Builtin,DC=mags,DC=local","","Members of this group can update user accounts in Active Directory with information about license issuance, for the purpose of tracking and reporting TS Per User CAL usage"
"sarah.walker","sarah.walker@mags.local","Created","Account enabled; password change required at first logon.","OU=IT,DC=mags,DC=local","CN=GG-IT,OU=IT,DC=mags,DC=local","",""
"charles.jackson","charles.jackson@mags.local","Created","Account enabled; password change required at first logon.","OU=Salg,DC=mags,DC=local","CN=GG-Salg,OU=Salg,DC=mags,DC=local","",""
"george.moore","george.moore@mags.local","Created","Account enabled; password change required at first logon.","OU=IT,DC=mags,DC=local","CN=GG-IT,OU=IT,DC=mags,DC=local|CN=Terminal Server License Servers,CN=Builtin,DC=mags,DC=local","","Members of this group can update user accounts in Active Directory with information about license issuance, for the purpose of tracking and reporting TS Per User CAL usage"
"claire.wright","claire.wright@mags.local","Created","Account enabled; password change required at first logon.","OU=IT,DC=mags,DC=local","CN=GG-IT,OU=IT,DC=mags,DC=local|CN=Terminal Server License Servers,CN=Builtin,DC=mags,DC=local|CN=Users,CN=Builtin,DC=mags,DC=local","","Users are prevented from making accidental or intentional system-wide changes and can run most applications|Members of this group can update user accounts in Active Directory with information about license issuance, for the purpose of tracking and reporting TS Per User CAL usage"
"oliver.williams","oliver.williams@mags.local","Created","Account enabled; password change required at first logon.","OU=Salg,DC=mags,DC=local","CN=GG-Salg,OU=Salg,DC=mags,DC=local","",""
"lucas.scott","lucas.scott@mags.local","Created","Account enabled; password change required at first logon.","OU=Salg,DC=mags,DC=local","CN=GG-Salg,OU=Salg,DC=mags,DC=local|CN=Terminal Server License Servers,CN=Builtin,DC=mags,DC=local","","Members of this group can update user accounts in Active Directory with information about license issuance, for the purpose of tracking and reporting TS Per User CAL usage"
"alfred.baker","alfred.baker@mags.local","Created","Account enabled; password change required at first logon.","OU=IT,DC=mags,DC=local","CN=GG-IT,OU=IT,DC=mags,DC=local","",""
"joseph.scott","joseph.scott@mags.local","Created","Account enabled; password change required at first logon.","OU=IT,DC=mags,DC=local","CN=GG-IT,OU=IT,DC=mags,DC=local|CN=Users,CN=Builtin,DC=mags,DC=local","","Users are prevented from making accidental or intentional system-wide changes and can run most applications"
"claire.morris","claire.morris@mags.local","Created","Account enabled; password change required at first logon.","OU=Salg,DC=mags,DC=local","CN=GG-Salg,OU=Salg,DC=mags,DC=local","",""
"alfred.brown","alfred.brown@mags.local","Created","Account enabled; password change required at first logon.","OU=IT,DC=mags,DC=local","CN=GG-IT,OU=IT,DC=mags,DC=local","",""
"joseph.jones","joseph.jones@mags.local","Created","Account enabled; password change required at first logon.","OU=Salg,DC=mags,DC=local","CN=GG-Salg,OU=Salg,DC=mags,DC=local|CN=Users,CN=Builtin,DC=mags,DC=local","","Users are prevented from making accidental or intentional system-wide changes and can run most applications"
"victoria.moore","victoria.moore@mags.local","Created","Account enabled; password change required at first logon.","OU=IT,DC=mags,DC=local","CN=GG-IT,OU=IT,DC=mags,DC=local","",""
"matthew.johnson","matthew.johnson@mags.local","Created","Account enabled; password change required at first logon.","OU=IT,DC=mags,DC=local","CN=GG-IT,OU=IT,DC=mags,DC=local|CN=Terminal Server License Servers,CN=Builtin,DC=mags,DC=local|CN=Users,CN=Builtin,DC=mags,DC=local","","Members of this group can update user accounts in Active Directory with information about license issuance, for the purpose of tracking and reporting TS Per User CAL usage|Users are prevented from making accidental or intentional system-wide changes and can run most applications"
"james.hill","james.hill@mags.local","Created","Account enabled; password change required at first logon.","OU=Salg,DC=mags,DC=local","CN=GG-Salg,OU=Salg,DC=mags,DC=local|CN=Users,CN=Builtin,DC=mags,DC=local","","Users are prevented from making accidental or intentional system-wide changes and can run most applications"
"joseph.hall","joseph.hall@mags.local","Created","Account enabled; password change required at first logon.","OU=Salg,DC=mags,DC=local","CN=GG-Salg,OU=Salg,DC=mags,DC=local","",""
"george.martin","george.martin@mags.local","Created","Account enabled; password change required at first logon.","OU=IT,DC=mags,DC=local","CN=GG-IT,OU=IT,DC=mags,DC=local|CN=Terminal Server License Servers,CN=Builtin,DC=mags,DC=local|CN=Users,CN=Builtin,DC=mags,DC=local","","Members of this group can update user accounts in Active Directory with information about license issuance, for the purpose of tracking and reporting TS Per User CAL usage|Users are prevented from making accidental or intentional system-wide changes and can run most applications"
"daniel.morris","daniel.morris@mags.local","Created","Account enabled; password change required at first logon.","OU=Salg,DC=mags,DC=local","CN=GG-Salg,OU=Salg,DC=mags,DC=local|CN=Users,CN=Builtin,DC=mags,DC=local","","Users are prevented from making accidental or intentional system-wide changes and can run most applications"
"william.allen","william.allen@mags.local","Created","Account enabled; password change required at first logon.","OU=IT,DC=mags,DC=local","CN=GG-IT,OU=IT,DC=mags,DC=local|CN=Terminal Server License Servers,CN=Builtin,DC=mags,DC=local|CN=Users,CN=Builtin,DC=mags,DC=local","","Members of this group can update user accounts in Active Directory with information about license issuance, for the purpose of tracking and reporting TS Per User CAL usage|Users are prevented from making accidental or intentional system-wide changes and can run most applications"
"william.thompson","william.thompson@mags.local","Created","Account enabled; password change required at first logon.","OU=Salg,DC=mags,DC=local","CN=GG-Salg,OU=Salg,DC=mags,DC=local|CN=Terminal Server License Servers,CN=Builtin,DC=mags,DC=local","","Members of this group can update user accounts in Active Directory with information about license issuance, for the purpose of tracking and reporting TS Per User CAL usage"
"olivia.campbell","olivia.campbell@mags.local","Created","Account enabled; password change required at first logon.","OU=IT,DC=mags,DC=local","CN=GG-IT,OU=IT,DC=mags,DC=local","",""
"olivia.wright","olivia.wright@mags.local","Created","Account enabled; password change required at first logon.","OU=Salg,DC=mags,DC=local","CN=GG-Salg,OU=Salg,DC=mags,DC=local|CN=Users,CN=Builtin,DC=mags,DC=local","","Users are prevented from making accidental or intentional system-wide changes and can run most applications"
"michael.walker","michael.walker@mags.local","Created","Account enabled; password change required at first logon.","OU=IT,DC=mags,DC=local","CN=GG-IT,OU=IT,DC=mags,DC=local","",""
"jack.hall","jack.hall@mags.local","Created","Account enabled; password change required at first logon.","OU=IT,DC=mags,DC=local","CN=GG-IT,OU=IT,DC=mags,DC=local|CN=Users,CN=Builtin,DC=mags,DC=local","","Users are prevented from making accidental or intentional system-wide changes and can run most applications"
"lily.robinson","lily.robinson@mags.local","Created","Account enabled; password change required at first logon.","OU=Salg,DC=mags,DC=local","CN=GG-Salg,OU=Salg,DC=mags,DC=local|CN=Terminal Server License Servers,CN=Builtin,DC=mags,DC=local|CN=Users,CN=Builtin,DC=mags,DC=local","","Users are prevented from making accidental or intentional system-wide changes and can run most applications|Members of this group can update user accounts in Active Directory with information about license issuance, for the purpose of tracking and reporting TS Per User CAL usage"
"lucy.edwards","lucy.edwards@mags.local","Created","Account enabled; password change required at first logon.","OU=Salg,DC=mags,DC=local","CN=GG-Salg,OU=Salg,DC=mags,DC=local","",""
"william.johnson","william.johnson@mags.local","Created","Account enabled; password change required at first logon.","OU=IT,DC=mags,DC=local","CN=GG-IT,OU=IT,DC=mags,DC=local|CN=Terminal Server License Servers,CN=Builtin,DC=mags,DC=local|CN=Users,CN=Builtin,DC=mags,DC=local","","Users are prevented from making accidental or intentional system-wide changes and can run most applications|Members of this group can update user accounts in Active Directory with information about license issuance, for the purpose of tracking and reporting TS Per User CAL usage"
"lucy.scott","lucy.scott@mags.local","Created","Account enabled; password change required at first logon.","OU=Salg,DC=mags,DC=local","CN=GG-Salg,OU=Salg,DC=mags,DC=local|CN=Terminal Server License Servers,CN=Builtin,DC=mags,DC=local|CN=Users,CN=Builtin,DC=mags,DC=local","","Members of this group can update user accounts in Active Directory with information about license issuance, for the purpose of tracking and reporting TS Per User CAL usage|Users are prevented from making accidental or intentional system-wide changes and can run most applications"
"michael.edwards","michael.edwards@mags.local","Created","Account enabled; password change required at first logon.","OU=IT,DC=mags,DC=local","CN=GG-IT,OU=IT,DC=mags,DC=local","",""
"matthew.scott","matthew.scott@mags.local","Created","Account enabled; password change required at first logon.","OU=Salg,DC=mags,DC=local","CN=GG-Salg,OU=Salg,DC=mags,DC=local|CN=Terminal Server License Servers,CN=Builtin,DC=mags,DC=local|CN=Users,CN=Builtin,DC=mags,DC=local","","Members of this group can update user accounts in Active Directory with information about license issuance, for the purpose of tracking and reporting TS Per User CAL usage|Users are prevented from making accidental or intentional system-wide changes and can run most applications"
"ella.brown","ella.brown@mags.local","Created","Account enabled; password change required at first logon.","OU=IT,DC=mags,DC=local","CN=GG-IT,OU=IT,DC=mags,DC=local","",""
"noah.turner","noah.turner@mags.local","Created","Account enabled; password change required at first logon.","OU=Salg,DC=mags,DC=local","CN=GG-Salg,OU=Salg,DC=mags,DC=local|CN=Users,CN=Builtin,DC=mags,DC=local","","Users are prevented from making accidental or intentional system-wide changes and can run most applications"
"noah.harris","noah.harris@mags.local","Created","Account enabled; password change required at first logon.","OU=IT,DC=mags,DC=local","CN=GG-IT,OU=IT,DC=mags,DC=local|CN=Terminal Server License Servers,CN=Builtin,DC=mags,DC=local|CN=Users,CN=Builtin,DC=mags,DC=local","","Members of this group can update user accounts in Active Directory with information about license issuance, for the purpose of tracking and reporting TS Per User CAL usage|Users are prevented from making accidental or intentional system-wide changes and can run most applications"
"ella.clarke","ella.clarke@mags.local","Created","Account enabled; password change required at first logon.","OU=IT,DC=mags,DC=local","CN=GG-IT,OU=IT,DC=mags,DC=local","",""
"hannah.walker","hannah.walker@mags.local","Created","Account enabled; password change required at first logon.","OU=IT,DC=mags,DC=local","CN=GG-IT,OU=IT,DC=mags,DC=local|CN=Terminal Server License Servers,CN=Builtin,DC=mags,DC=local|CN=Users,CN=Builtin,DC=mags,DC=local","","Members of this group can update user accounts in Active Directory with information about license issuance, for the purpose of tracking and reporting TS Per User CAL usage|Users are prevented from making accidental or intentional system-wide changes and can run most applications"
"jack.edwards","jack.edwards@mags.local","Created","Account enabled; password change required at first logon.","OU=IT,DC=mags,DC=local","CN=GG-IT,OU=IT,DC=mags,DC=local","",""
"oliver.jackson","oliver.jackson@mags.local","Created","Account enabled; password change required at first logon.","OU=Salg,DC=mags,DC=local","CN=GG-Salg,OU=Salg,DC=mags,DC=local","",""
"jacob.wilson","jacob.wilson@mags.local","Created","Account enabled; password change required at first logon.","OU=IT,DC=mags,DC=local","CN=GG-IT,OU=IT,DC=mags,DC=local|CN=Terminal Server License Servers,CN=Builtin,DC=mags,DC=local","","Members of this group can update user accounts in Active Directory with information about license issuance, for the purpose of tracking and reporting TS Per User CAL usage"
"michael.clarke","michael.clarke@mags.local","Created","Account enabled; password change required at first logon.","OU=IT,DC=mags,DC=local","CN=GG-IT,OU=IT,DC=mags,DC=local|CN=Terminal Server License Servers,CN=Builtin,DC=mags,DC=local|CN=Users,CN=Builtin,DC=mags,DC=local","","Members of this group can update user accounts in Active Directory with information about license issuance, for the purpose of tracking and reporting TS Per User CAL usage|Users are prevented from making accidental or intentional system-wide changes and can run most applications"
"lucy.walker","lucy.walker@mags.local","Created","Account enabled; password change required at first logon.","OU=IT,DC=mags,DC=local","CN=GG-IT,OU=IT,DC=mags,DC=local|CN=Terminal Server License Servers,CN=Builtin,DC=mags,DC=local|CN=Users,CN=Builtin,DC=mags,DC=local","","Users are prevented from making accidental or intentional system-wide changes and can run most applications|Members of this group can update user accounts in Active Directory with information about license issuance, for the purpose of tracking and reporting TS Per User CAL usage"
"noah.martin","noah.martin@mags.local","Created","Account enabled; password change required at first logon.","OU=Salg,DC=mags,DC=local","CN=GG-Salg,OU=Salg,DC=mags,DC=local","",""
"lily.evans","lily.evans@mags.local","Created","Account enabled; password change required at first logon.","OU=Salg,DC=mags,DC=local","CN=GG-Salg,OU=Salg,DC=mags,DC=local|CN=Users,CN=Builtin,DC=mags,DC=local","","Users are prevented from making accidental or intentional system-wide changes and can run most applications"
"emma.clarke","emma.clarke@mags.local","Created","Account enabled; password change required at first logon.","OU=IT,DC=mags,DC=local","CN=GG-IT,OU=IT,DC=mags,DC=local|CN=Terminal Server License Servers,CN=Builtin,DC=mags,DC=local","","Members of this group can update user accounts in Active Directory with information about license issuance, for the purpose of tracking and reporting TS Per User CAL usage"
"noah.wood","noah.wood@mags.local","Created","Account enabled; password change required at first logon.","OU=Salg,DC=mags,DC=local","CN=GG-Salg,OU=Salg,DC=mags,DC=local|CN=Terminal Server License Servers,CN=Builtin,DC=mags,DC=local","","Members of this group can update user accounts in Active Directory with information about license issuance, for the purpose of tracking and reporting TS Per User CAL usage"
"henry.allen","henry.allen@mags.local","Created","Account enabled; password change required at first logon.","OU=Salg,DC=mags,DC=local","CN=GG-Salg,OU=Salg,DC=mags,DC=local|CN=Users,CN=Builtin,DC=mags,DC=local","","Users are prevented from making accidental or intentional system-wide changes and can run most applications"
"thomas.smith","thomas.smith@mags.local","Created","Account enabled; password change required at first logon.","OU=Salg,DC=mags,DC=local","CN=GG-Salg,OU=Salg,DC=mags,DC=local|CN=Terminal Server License Servers,CN=Builtin,DC=mags,DC=local|CN=Users,CN=Builtin,DC=mags,DC=local","","Members of this group can update user accounts in Active Directory with information about license issuance, for the purpose of tracking and reporting TS Per User CAL usage|Users are prevented from making accidental or intentional system-wide changes and can run most applications"
"emma.baker","emma.baker@mags.local","Created","Account enabled; password change required at first logon.","OU=Salg,DC=mags,DC=local","CN=GG-Salg,OU=Salg,DC=mags,DC=local","",""
"jack.young","jack.young@mags.local","Created","Account enabled; password change required at first logon.","OU=Salg,DC=mags,DC=local","CN=GG-Salg,OU=Salg,DC=mags,DC=local","",""
"victoria.clark","victoria.clark@mags.local","Created","Account enabled; password change required at first logon.","OU=IT,DC=mags,DC=local","CN=GG-IT,OU=IT,DC=mags,DC=local|CN=Terminal Server License Servers,CN=Builtin,DC=mags,DC=local","","Members of this group can update user accounts in Active Directory with information about license issuance, for the purpose of tracking and reporting TS Per User CAL usage"
"samuel.mitchell","samuel.mitchell@mags.local","Created","Account enabled; password change required at first logon.","OU=Salg,DC=mags,DC=local","CN=GG-Salg,OU=Salg,DC=mags,DC=local|CN=Terminal Server License Servers,CN=Builtin,DC=mags,DC=local|CN=Users,CN=Builtin,DC=mags,DC=local","","Users are prevented from making accidental or intentional system-wide changes and can run most applications|Members of this group can update user accounts in Active Directory with information about license issuance, for the purpose of tracking and reporting TS Per User CAL usage"
"benjamin.baker","benjamin.baker@mags.local","Created","Account enabled; password change required at first logon.","OU=Salg,DC=mags,DC=local","CN=GG-Salg,OU=Salg,DC=mags,DC=local|CN=Terminal Server License Servers,CN=Builtin,DC=mags,DC=local","","Members of this group can update user accounts in Active Directory with information about license issuance, for the purpose of tracking and reporting TS Per User CAL usage"
"benjamin.hall","benjamin.hall@mags.local","Created","Account enabled; password change required at first logon.","OU=Salg,DC=mags,DC=local","CN=GG-Salg,OU=Salg,DC=mags,DC=local|CN=Users,CN=Builtin,DC=mags,DC=local","","Users are prevented from making accidental or intentional system-wide changes and can run most applications"
"lily.hall","lily.hall@mags.local","Created","Account enabled; password change required at first logon.","OU=IT,DC=mags,DC=local","CN=GG-IT,OU=IT,DC=mags,DC=local|CN=Terminal Server License Servers,CN=Builtin,DC=mags,DC=local|CN=Users,CN=Builtin,DC=mags,DC=local","","Members of this group can update user accounts in Active Directory with information about license issuance, for the purpose of tracking and reporting TS Per User CAL usage|Users are prevented from making accidental or intentional system-wide changes and can run most applications"
"samuel.parker","samuel.parker@mags.local","Created","Account enabled; password change required at first logon.","OU=IT,DC=mags,DC=local","CN=GG-IT,OU=IT,DC=mags,DC=local|CN=Terminal Server License Servers,CN=Builtin,DC=mags,DC=local|CN=Users,CN=Builtin,DC=mags,DC=local","","Members of this group can update user accounts in Active Directory with information about license issuance, for the purpose of tracking and reporting TS Per User CAL usage|Users are prevented from making accidental or intentional system-wide changes and can run most applications"
"amber.wright","amber.wright@mags.local","Created","Account enabled; password change required at first logon.","OU=Salg,DC=mags,DC=local","CN=GG-Salg,OU=Salg,DC=mags,DC=local","",""
"victoria.green","victoria.green@mags.local","Created","Account enabled; password change required at first logon.","OU=IT,DC=mags,DC=local","CN=GG-IT,OU=IT,DC=mags,DC=local","",""
"amelia.king","amelia.king@mags.local","Created","Account enabled; password change required at first logon.","OU=Salg,DC=mags,DC=local","CN=GG-Salg,OU=Salg,DC=mags,DC=local","",""
"claire.jackson","claire.jackson@mags.local","Created","Account enabled; password change required at first logon.","OU=Salg,DC=mags,DC=local","CN=GG-Salg,OU=Salg,DC=mags,DC=local|CN=Users,CN=Builtin,DC=mags,DC=local","","Users are prevented from making accidental or intentional system-wide changes and can run most applications"
"jack.mitchell","jack.mitchell@mags.local","Created","Account enabled; password change required at first logon.","OU=IT,DC=mags,DC=local","CN=GG-IT,OU=IT,DC=mags,DC=local|CN=Terminal Server License Servers,CN=Builtin,DC=mags,DC=local","","Members of this group can update user accounts in Active Directory with information about license issuance, for the purpose of tracking and reporting TS Per User CAL usage"
"lucy.hill","lucy.hill@mags.local","Created","Account enabled; password change required at first logon.","OU=IT,DC=mags,DC=local","CN=GG-IT,OU=IT,DC=mags,DC=local","",""
"daniel.wood","daniel.wood@mags.local","Created","Account enabled; password change required at first logon.","OU=IT,DC=mags,DC=local","CN=GG-IT,OU=IT,DC=mags,DC=local|CN=Terminal Server License Servers,CN=Builtin,DC=mags,DC=local","","Members of this group can update user accounts in Active Directory with information about license issuance, for the purpose of tracking and reporting TS Per User CAL usage"
"ethan.young","ethan.young@mags.local","Created","Account enabled; password change required at first logon.","OU=IT,DC=mags,DC=local","CN=GG-IT,OU=IT,DC=mags,DC=local|CN=Terminal Server License Servers,CN=Builtin,DC=mags,DC=local|CN=Users,CN=Builtin,DC=mags,DC=local","","Members of this group can update user accounts in Active Directory with information about license issuance, for the purpose of tracking and reporting TS Per User CAL usage|Users are prevented from making accidental or intentional system-wide changes and can run most applications"
"emma.green","emma.green@mags.local","Created","Account enabled; password change required at first logon.","OU=Salg,DC=mags,DC=local","CN=GG-Salg,OU=Salg,DC=mags,DC=local|CN=Terminal Server License Servers,CN=Builtin,DC=mags,DC=local|CN=Users,CN=Builtin,DC=mags,DC=local","","Users are prevented from making accidental or intentional system-wide changes and can run most applications|Members of this group can update user accounts in Active Directory with information about license issuance, for the purpose of tracking and reporting TS Per User CAL usage"
"ella.jackson","ella.jackson@mags.local","Created","Account enabled; password change required at first logon.","OU=IT,DC=mags,DC=local","CN=GG-IT,OU=IT,DC=mags,DC=local|CN=Terminal Server License Servers,CN=Builtin,DC=mags,DC=local","","Members of this group can update user accounts in Active Directory with information about license issuance, for the purpose of tracking and reporting TS Per User CAL usage"
"claire.parker","claire.parker@mags.local","Created","Account enabled; password change required at first logon.","OU=Salg,DC=mags,DC=local","CN=GG-Salg,OU=Salg,DC=mags,DC=local|CN=Terminal Server License Servers,CN=Builtin,DC=mags,DC=local|CN=Users,CN=Builtin,DC=mags,DC=local","","Users are prevented from making accidental or intentional system-wide changes and can run most applications|Members of this group can update user accounts in Active Directory with information about license issuance, for the purpose of tracking and reporting TS Per User CAL usage"
"james.smith","james.smith@mags.local","Created","Account enabled; password change required at first logon.","OU=IT,DC=mags,DC=local","CN=GG-IT,OU=IT,DC=mags,DC=local","",""
"james.evans","james.evans@mags.local","Created","Account enabled; password change required at first logon.","OU=IT,DC=mags,DC=local","CN=GG-IT,OU=IT,DC=mags,DC=local|CN=Terminal Server License Servers,CN=Builtin,DC=mags,DC=local|CN=Users,CN=Builtin,DC=mags,DC=local","","Users are prevented from making accidental or intentional system-wide changes and can run most applications|Members of this group can update user accounts in Active Directory with information about license issuance, for the purpose of tracking and reporting TS Per User CAL usage"
"michael.campbell","michael.campbell@mags.local","Created","Account enabled; password change required at first logon.","OU=IT,DC=mags,DC=local","CN=GG-IT,OU=IT,DC=mags,DC=local","",""
"benjamin.williams","benjamin.williams@mags.local","Created","Account enabled; password change required at first logon.","OU=IT,DC=mags,DC=local","CN=GG-IT,OU=IT,DC=mags,DC=local|CN=Terminal Server License Servers,CN=Builtin,DC=mags,DC=local","","Members of this group can update user accounts in Active Directory with information about license issuance, for the purpose of tracking and reporting TS Per User CAL usage"
"hannah.johnson","hannah.johnson@mags.local","Created","Account enabled; password change required at first logon.","OU=IT,DC=mags,DC=local","CN=GG-IT,OU=IT,DC=mags,DC=local","",""
"charlotte.moore","charlotte.moore@mags.local","Created","Account enabled; password change required at first logon.","OU=IT,DC=mags,DC=local","CN=GG-IT,OU=IT,DC=mags,DC=local|CN=Terminal Server License Servers,CN=Builtin,DC=mags,DC=local|CN=Users,CN=Builtin,DC=mags,DC=local","","Users are prevented from making accidental or intentional system-wide changes and can run most applications|Members of this group can update user accounts in Active Directory with information about license issuance, for the purpose of tracking and reporting TS Per User CAL usage"
"claire.allen","claire.allen@mags.local","Created","Account enabled; password change required at first logon.","OU=IT,DC=mags,DC=local","CN=GG-IT,OU=IT,DC=mags,DC=local","",""
"noah.thompson","noah.thompson@mags.local","Created","Account enabled; password change required at first logon.","OU=Salg,DC=mags,DC=local","CN=GG-Salg,OU=Salg,DC=mags,DC=local","",""
"lucas.robinson","lucas.robinson@mags.local","Created","Account enabled; password change required at first logon.","OU=Salg,DC=mags,DC=local","CN=GG-Salg,OU=Salg,DC=mags,DC=local|CN=Users,CN=Builtin,DC=mags,DC=local","","Users are prevented from making accidental or intentional system-wide changes and can run most applications"
"michael.mitchell","michael.mitchell@mags.local","Created","Account enabled; password change required at first logon.","OU=IT,DC=mags,DC=local","CN=GG-IT,OU=IT,DC=mags,DC=local|CN=Terminal Server License Servers,CN=Builtin,DC=mags,DC=local|CN=Users,CN=Builtin,DC=mags,DC=local","","Members of this group can update user accounts in Active Directory with information about license issuance, for the purpose of tracking and reporting TS Per User CAL usage|Users are prevented from making accidental or intentional system-wide changes and can run most applications"
"jessica.edwards","jessica.edwards@mags.local","Created","Account enabled; password change required at first logon.","OU=Salg,DC=mags,DC=local","CN=GG-Salg,OU=Salg,DC=mags,DC=local","",""
"sarah.jones","sarah.jones@mags.local","Created","Account enabled; password change required at first logon.","OU=IT,DC=mags,DC=local","CN=GG-IT,OU=IT,DC=mags,DC=local|CN=Terminal Server License Servers,CN=Builtin,DC=mags,DC=local","","Members of this group can update user accounts in Active Directory with information about license issuance, for the purpose of tracking and reporting TS Per User CAL usage"
"grace.parker","grace.parker@mags.local","Created","Account enabled; password change required at first logon.","OU=Salg,DC=mags,DC=local","CN=GG-Salg,OU=Salg,DC=mags,DC=local|CN=Terminal Server License Servers,CN=Builtin,DC=mags,DC=local|CN=Users,CN=Builtin,DC=mags,DC=local","","Users are prevented from making accidental or intentional system-wide changes and can run most applications|Members of this group can update user accounts in Active Directory with information about license issuance, for the purpose of tracking and reporting TS Per User CAL usage"
"ethan.walker","ethan.walker@mags.local","Created","Account enabled; password change required at first logon.","OU=IT,DC=mags,DC=local","CN=GG-IT,OU=IT,DC=mags,DC=local","",""
"victoria.allen","victoria.allen@mags.local","Created","Account enabled; password change required at first logon.","OU=IT,DC=mags,DC=local","CN=GG-IT,OU=IT,DC=mags,DC=local|CN=Terminal Server License Servers,CN=Builtin,DC=mags,DC=local|CN=Users,CN=Builtin,DC=mags,DC=local","","Members of this group can update user accounts in Active Directory with information about license issuance, for the purpose of tracking and reporting TS Per User CAL usage|Users are prevented from making accidental or intentional system-wide changes and can run most applications"
"grace.jones","grace.jones@mags.local","Created","Account enabled; password change required at first logon.","OU=IT,DC=mags,DC=local","CN=GG-IT,OU=IT,DC=mags,DC=local|CN=Terminal Server License Servers,CN=Builtin,DC=mags,DC=local|CN=Users,CN=Builtin,DC=mags,DC=local","","Members of this group can update user accounts in Active Directory with information about license issuance, for the purpose of tracking and reporting TS Per User CAL usage|Users are prevented from making accidental or intentional system-wide changes and can run most applications"
"claire.mitchell","claire.mitchell@mags.local","Created","Account enabled; password change required at first logon.","OU=Salg,DC=mags,DC=local","CN=GG-Salg,OU=Salg,DC=mags,DC=local|CN=Terminal Server License Servers,CN=Builtin,DC=mags,DC=local|CN=Users,CN=Builtin,DC=mags,DC=local","","Members of this group can update user accounts in Active Directory with information about license issuance, for the purpose of tracking and reporting TS Per User CAL usage|Users are prevented from making accidental or intentional system-wide changes and can run most applications"
"william.evans","william.evans@mags.local","Created","Account enabled; password change required at first logon.","OU=IT,DC=mags,DC=local","CN=GG-IT,OU=IT,DC=mags,DC=local|CN=Terminal Server License Servers,CN=Builtin,DC=mags,DC=local","","Members of this group can update user accounts in Active Directory with information about license issuance, for the purpose of tracking and reporting TS Per User CAL usage"
"benjamin.wood","benjamin.wood@mags.local","Created","Account enabled; password change required at first logon.","OU=IT,DC=mags,DC=local","CN=GG-IT,OU=IT,DC=mags,DC=local|CN=Terminal Server License Servers,CN=Builtin,DC=mags,DC=local","","Members of this group can update user accounts in Active Directory with information about license issuance, for the purpose of tracking and reporting TS Per User CAL usage"
"charlotte.parker","charlotte.parker@mags.local","Created","Account enabled; password change required at first logon.","OU=IT,DC=mags,DC=local","CN=GG-IT,OU=IT,DC=mags,DC=local|CN=Users,CN=Builtin,DC=mags,DC=local","","Users are prevented from making accidental or intentional system-wide changes and can run most applications"
"isabella.harris","isabella.harris@mags.local","Created","Account enabled; password change required at first logon.","OU=IT,DC=mags,DC=local","CN=GG-IT,OU=IT,DC=mags,DC=local|CN=Terminal Server License Servers,CN=Builtin,DC=mags,DC=local|CN=Users,CN=Builtin,DC=mags,DC=local","","Users are prevented from making accidental or intentional system-wide changes and can run most applications|Members of this group can update user accounts in Active Directory with information about license issuance, for the purpose of tracking and reporting TS Per User CAL usage"
"james.roberts","james.roberts@mags.local","Created","Account enabled; password change required at first logon.","OU=IT,DC=mags,DC=local","CN=GG-IT,OU=IT,DC=mags,DC=local|CN=Terminal Server License Servers,CN=Builtin,DC=mags,DC=local","","Members of this group can update user accounts in Active Directory with information about license issuance, for the purpose of tracking and reporting TS Per User CAL usage"
"grace.ward","grace.ward@mags.local","Created","Account enabled; password change required at first logon.","OU=Salg,DC=mags,DC=local","CN=GG-Salg,OU=Salg,DC=mags,DC=local","",""
"isabella.thompson","isabella.thompson@mags.local","Created","Account enabled; password change required at first logon.","OU=Salg,DC=mags,DC=local","CN=GG-Salg,OU=Salg,DC=mags,DC=local","",""
"lucy.king","lucy.king@mags.local","Created","Account enabled; password change required at first logon.","OU=IT,DC=mags,DC=local","CN=GG-IT,OU=IT,DC=mags,DC=local|CN=Terminal Server License Servers,CN=Builtin,DC=mags,DC=local|CN=Users,CN=Builtin,DC=mags,DC=local","","Members of this group can update user accounts in Active Directory with information about license issuance, for the purpose of tracking and reporting TS Per User CAL usage|Users are prevented from making accidental or intentional system-wide changes and can run most applications"
"daniel.ward","daniel.ward@mags.local","Created","Account enabled; password change required at first logon.","OU=Salg,DC=mags,DC=local","CN=GG-Salg,OU=Salg,DC=mags,DC=local|CN=Terminal Server License Servers,CN=Builtin,DC=mags,DC=local|CN=Users,CN=Builtin,DC=mags,DC=local","","Members of this group can update user accounts in Active Directory with information about license issuance, for the purpose of tracking and reporting TS Per User CAL usage|Users are prevented from making accidental or intentional system-wide changes and can run most applications"
"hannah.scott","hannah.scott@mags.local","Created","Account enabled; password change required at first logon.","OU=IT,DC=mags,DC=local","CN=GG-IT,OU=IT,DC=mags,DC=local|CN=Terminal Server License Servers,CN=Builtin,DC=mags,DC=local|CN=Users,CN=Builtin,DC=mags,DC=local","","Users are prevented from making accidental or intentional system-wide changes and can run most applications|Members of this group can update user accounts in Active Directory with information about license issuance, for the purpose of tracking and reporting TS Per User CAL usage"
"james.williams","james.williams@mags.local","Created","Account enabled; password change required at first logon.","OU=Salg,DC=mags,DC=local","CN=GG-Salg,OU=Salg,DC=mags,DC=local","",""
"sarah.thompson","sarah.thompson@mags.local","Created","Account enabled; password change required at first logon.","OU=IT,DC=mags,DC=local","CN=GG-IT,OU=IT,DC=mags,DC=local|CN=Terminal Server License Servers,CN=Builtin,DC=mags,DC=local","","Members of this group can update user accounts in Active Directory with information about license issuance, for the purpose of tracking and reporting TS Per User CAL usage"
"lucy.brown","lucy.brown@mags.local","Created","Account enabled; password change required at first logon.","OU=IT,DC=mags,DC=local","CN=GG-IT,OU=IT,DC=mags,DC=local|CN=Terminal Server License Servers,CN=Builtin,DC=mags,DC=local","","Members of this group can update user accounts in Active Directory with information about license issuance, for the purpose of tracking and reporting TS Per User CAL usage"
"jack.hill","jack.hill@mags.local","Created","Account enabled; password change required at first logon.","OU=IT,DC=mags,DC=local","CN=GG-IT,OU=IT,DC=mags,DC=local|CN=Terminal Server License Servers,CN=Builtin,DC=mags,DC=local|CN=Users,CN=Builtin,DC=mags,DC=local","","Users are prevented from making accidental or intentional system-wide changes and can run most applications|Members of this group can update user accounts in Active Directory with information about license issuance, for the purpose of tracking and reporting TS Per User CAL usage"
"emily.turner","emily.turner@mags.local","Created","Account enabled; password change required at first logon.","OU=Salg,DC=mags,DC=local","CN=GG-Salg,OU=Salg,DC=mags,DC=local|CN=Terminal Server License Servers,CN=Builtin,DC=mags,DC=local|CN=Users,CN=Builtin,DC=mags,DC=local","","Users are prevented from making accidental or intentional system-wide changes and can run most applications|Members of this group can update user accounts in Active Directory with information about license issuance, for the purpose of tracking and reporting TS Per User CAL usage"
"isabella.walker","isabella.walker@mags.local","Created","Account enabled; password change required at first logon.","OU=IT,DC=mags,DC=local","CN=GG-IT,OU=IT,DC=mags,DC=local","",""
"andrew.wright","andrew.wright@mags.local","Created","Account enabled; password change required at first logon.","OU=IT,DC=mags,DC=local","CN=GG-IT,OU=IT,DC=mags,DC=local|CN=Terminal Server License Servers,CN=Builtin,DC=mags,DC=local|CN=Users,CN=Builtin,DC=mags,DC=local","","Users are prevented from making accidental or intentional system-wide changes and can run most applications|Members of this group can update user accounts in Active Directory with information about license issuance, for the purpose of tracking and reporting TS Per User CAL usage"
"sophia.clark","sophia.clark@mags.local","Created","Account enabled; password change required at first logon.","OU=IT,DC=mags,DC=local","CN=GG-IT,OU=IT,DC=mags,DC=local|CN=Users,CN=Builtin,DC=mags,DC=local","","Users are prevented from making accidental or intentional system-wide changes and can run most applications"
"lily.campbell","lily.campbell@mags.local","Created","Account enabled; password change required at first logon.","OU=IT,DC=mags,DC=local","CN=GG-IT,OU=IT,DC=mags,DC=local|CN=Terminal Server License Servers,CN=Builtin,DC=mags,DC=local","","Members of this group can update user accounts in Active Directory with information about license issuance, for the purpose of tracking and reporting TS Per User CAL usage"
"jack.brown","jack.brown@mags.local","Created","Account enabled; password change required at first logon.","OU=IT,DC=mags,DC=local","CN=GG-IT,OU=IT,DC=mags,DC=local|CN=Users,CN=Builtin,DC=mags,DC=local","","Users are prevented from making accidental or intentional system-wide changes and can run most applications"
"thomas.robinson","thomas.robinson@mags.local","Created","Account enabled; password change required at first logon.","OU=IT,DC=mags,DC=local","CN=GG-IT,OU=IT,DC=mags,DC=local|CN=Terminal Server License Servers,CN=Builtin,DC=mags,DC=local|CN=Users,CN=Builtin,DC=mags,DC=local","","Members of this group can update user accounts in Active Directory with information about license issuance, for the purpose of tracking and reporting TS Per User CAL usage|Users are prevented from making accidental or intentional system-wide changes and can run most applications"
"jack.parker","jack.parker@mags.local","Created","Account enabled; password change required at first logon.","OU=Salg,DC=mags,DC=local","CN=GG-Salg,OU=Salg,DC=mags,DC=local","",""
"alfred.taylor","alfred.taylor@mags.local","Created","Account enabled; password change required at first logon.","OU=IT,DC=mags,DC=local","CN=GG-IT,OU=IT,DC=mags,DC=local|CN=Terminal Server License Servers,CN=Builtin,DC=mags,DC=local|CN=Users,CN=Builtin,DC=mags,DC=local","","Users are prevented from making accidental or intentional system-wide changes and can run most applications|Members of this group can update user accounts in Active Directory with information about license issuance, for the purpose of tracking and reporting TS Per User CAL usage"
"emily.cooper","emily.cooper@mags.local","Created","Account enabled; password change required at first logon.","OU=Salg,DC=mags,DC=local","CN=GG-Salg,OU=Salg,DC=mags,DC=local","",""
"claire.walker","claire.walker@mags.local","Created","Account enabled; password change required at first logon.","OU=Salg,DC=mags,DC=local","CN=GG-Salg,OU=Salg,DC=mags,DC=local|CN=Terminal Server License Servers,CN=Builtin,DC=mags,DC=local|CN=Users,CN=Builtin,DC=mags,DC=local","","Users are prevented from making accidental or intentional system-wide changes and can run most applications|Members of this group can update user accounts in Active Directory with information about license issuance, for the purpose of tracking and reporting TS Per User CAL usage"
"lily.wood","lily.wood@mags.local","Created","Account enabled; password change required at first logon.","OU=IT,DC=mags,DC=local","CN=GG-IT,OU=IT,DC=mags,DC=local","",""
"matthew.evans","matthew.evans@mags.local","Created","Account enabled; password change required at first logon.","OU=IT,DC=mags,DC=local","CN=GG-IT,OU=IT,DC=mags,DC=local","",""
"jack.jackson","jack.jackson@mags.local","Created","Account enabled; password change required at first logon.","OU=Salg,DC=mags,DC=local","CN=GG-Salg,OU=Salg,DC=mags,DC=local|CN=Terminal Server License Servers,CN=Builtin,DC=mags,DC=local","","Members of this group can update user accounts in Active Directory with information about license issuance, for the purpose of tracking and reporting TS Per User CAL usage"
"william.davies","william.davies@mags.local","Created","Account enabled; password change required at first logon.","OU=IT,DC=mags,DC=local","CN=GG-IT,OU=IT,DC=mags,DC=local|CN=Terminal Server License Servers,CN=Builtin,DC=mags,DC=local","","Members of this group can update user accounts in Active Directory with information about license issuance, for the purpose of tracking and reporting TS Per User CAL usage"
"lucas.davies","lucas.davies@mags.local","Created","Account enabled; password change required at first logon.","OU=Salg,DC=mags,DC=local","CN=GG-Salg,OU=Salg,DC=mags,DC=local|CN=Terminal Server License Servers,CN=Builtin,DC=mags,DC=local|CN=Users,CN=Builtin,DC=mags,DC=local","","Users are prevented from making accidental or intentional system-wide changes and can run most applications|Members of this group can update user accounts in Active Directory with information about license issuance, for the purpose of tracking and reporting TS Per User CAL usage"
"claire.harris","claire.harris@mags.local","Created","Account enabled; password change required at first logon.","OU=IT,DC=mags,DC=local","CN=GG-IT,OU=IT,DC=mags,DC=local","",""
"chloe.scott","chloe.scott@mags.local","Created","Account enabled; password change required at first logon.","OU=IT,DC=mags,DC=local","CN=GG-IT,OU=IT,DC=mags,DC=local|CN=Terminal Server License Servers,CN=Builtin,DC=mags,DC=local|CN=Users,CN=Builtin,DC=mags,DC=local","","Users are prevented from making accidental or intentional system-wide changes and can run most applications|Members of this group can update user accounts in Active Directory with information about license issuance, for the purpose of tracking and reporting TS Per User CAL usage"
"matthew.mitchell","matthew.mitchell@mags.local","Created","Account enabled; password change required at first logon.","OU=Salg,DC=mags,DC=local","CN=GG-Salg,OU=Salg,DC=mags,DC=local","",""
"joseph.brown","joseph.brown@mags.local","Created","Account enabled; password change required at first logon.","OU=IT,DC=mags,DC=local","CN=GG-IT,OU=IT,DC=mags,DC=local","",""
"noah.cooper","noah.cooper@mags.local","Created","Account enabled; password change required at first logon.","OU=Salg,DC=mags,DC=local","CN=GG-Salg,OU=Salg,DC=mags,DC=local","",""
"samuel.edwards","samuel.edwards@mags.local","Created","Account enabled; password change required at first logon.","OU=Salg,DC=mags,DC=local","CN=GG-Salg,OU=Salg,DC=mags,DC=local","",""
"thomas.jones","thomas.jones@mags.local","Created","Account enabled; password change required at first logon.","OU=Salg,DC=mags,DC=local","CN=GG-Salg,OU=Salg,DC=mags,DC=local|CN=Terminal Server License Servers,CN=Builtin,DC=mags,DC=local|CN=Users,CN=Builtin,DC=mags,DC=local","","Members of this group can update user accounts in Active Directory with information about license issuance, for the purpose of tracking and reporting TS Per User CAL usage|Users are prevented from making accidental or intentional system-wide changes and can run most applications"
"ella.cooper","ella.cooper@mags.local","Created","Account enabled; password change required at first logon.","OU=IT,DC=mags,DC=local","CN=GG-IT,OU=IT,DC=mags,DC=local|CN=Terminal Server License Servers,CN=Builtin,DC=mags,DC=local","","Members of this group can update user accounts in Active Directory with information about license issuance, for the purpose of tracking and reporting TS Per User CAL usage"
"jessica.harris","jessica.harris@mags.local","Created","Account enabled; password change required at first logon.","OU=Salg,DC=mags,DC=local","CN=GG-Salg,OU=Salg,DC=mags,DC=local|CN=Terminal Server License Servers,CN=Builtin,DC=mags,DC=local|CN=Users,CN=Builtin,DC=mags,DC=local","","Users are prevented from making accidental or intentional system-wide changes and can run most applications|Members of this group can update user accounts in Active Directory with information about license issuance, for the purpose of tracking and reporting TS Per User CAL usage"
"james.johnson","james.johnson@mags.local","Created","Account enabled; password change required at first logon.","OU=Salg,DC=mags,DC=local","CN=GG-Salg,OU=Salg,DC=mags,DC=local|CN=Terminal Server License Servers,CN=Builtin,DC=mags,DC=local|CN=Users,CN=Builtin,DC=mags,DC=local","","Users are prevented from making accidental or intentional system-wide changes and can run most applications|Members of this group can update user accounts in Active Directory with information about license issuance, for the purpose of tracking and reporting TS Per User CAL usage"
"thomas.morris","thomas.morris@mags.local","Created","Account enabled; password change required at first logon.","OU=IT,DC=mags,DC=local","CN=GG-IT,OU=IT,DC=mags,DC=local","",""
"michael.green","michael.green@mags.local","Created","Account enabled; password change required at first logon.","OU=Salg,DC=mags,DC=local","CN=GG-Salg,OU=Salg,DC=mags,DC=local","",""
"lucy.jones","lucy.jones@mags.local","Created","Account enabled; password change required at first logon.","OU=Salg,DC=mags,DC=local","CN=GG-Salg,OU=Salg,DC=mags,DC=local|CN=Terminal Server License Servers,CN=Builtin,DC=mags,DC=local|CN=Users,CN=Builtin,DC=mags,DC=local","","Users are prevented from making accidental or intentional system-wide changes and can run most applications|Members of this group can update user accounts in Active Directory with information about license issuance, for the purpose of tracking and reporting TS Per User CAL usage"
"ethan.hall","ethan.hall@mags.local","Created","Account enabled; password change required at first logon.","OU=IT,DC=mags,DC=local","CN=GG-IT,OU=IT,DC=mags,DC=local","",""
"sarah.wilson","sarah.wilson@mags.local","Created","Account enabled; password change required at first logon.","OU=IT,DC=mags,DC=local","CN=GG-IT,OU=IT,DC=mags,DC=local|CN=Terminal Server License Servers,CN=Builtin,DC=mags,DC=local|CN=Users,CN=Builtin,DC=mags,DC=local","","Members of this group can update user accounts in Active Directory with information about license issuance, for the purpose of tracking and reporting TS Per User CAL usage|Users are prevented from making accidental or intentional system-wide changes and can run most applications"
"emily.wright","emily.wright@mags.local","Created","Account enabled; password change required at first logon.","OU=IT,DC=mags,DC=local","CN=GG-IT,OU=IT,DC=mags,DC=local|CN=Terminal Server License Servers,CN=Builtin,DC=mags,DC=local","","Members of this group can update user accounts in Active Directory with information about license issuance, for the purpose of tracking and reporting TS Per User CAL usage"
"jack.turner","jack.turner@mags.local","Created","Account enabled; password change required at first logon.","OU=IT,DC=mags,DC=local","CN=GG-IT,OU=IT,DC=mags,DC=local","",""
"george.smith","george.smith@mags.local","Created","Account enabled; password change required at first logon.","OU=IT,DC=mags,DC=local","CN=GG-IT,OU=IT,DC=mags,DC=local|CN=Terminal Server License Servers,CN=Builtin,DC=mags,DC=local|CN=Users,CN=Builtin,DC=mags,DC=local","","Members of this group can update user accounts in Active Directory with information about license issuance, for the purpose of tracking and reporting TS Per User CAL usage|Users are prevented from making accidental or intentional system-wide changes and can run most applications"
"emily.martin","emily.martin@mags.local","Created","Account enabled; password change required at first logon.","OU=Salg,DC=mags,DC=local","CN=GG-Salg,OU=Salg,DC=mags,DC=local|CN=Users,CN=Builtin,DC=mags,DC=local","","Users are prevented from making accidental or intentional system-wide changes and can run most applications"
"victoria.parker","victoria.parker@mags.local","Created","Account enabled; password change required at first logon.","OU=IT,DC=mags,DC=local","CN=GG-IT,OU=IT,DC=mags,DC=local","",""
"samuel.cooper","samuel.cooper@mags.local","Created","Account enabled; password change required at first logon.","OU=IT,DC=mags,DC=local","CN=GG-IT,OU=IT,DC=mags,DC=local|CN=Terminal Server License Servers,CN=Builtin,DC=mags,DC=local|CN=Users,CN=Builtin,DC=mags,DC=local","","Members of this group can update user accounts in Active Directory with information about license issuance, for the purpose of tracking and reporting TS Per User CAL usage|Users are prevented from making accidental or intentional system-wide changes and can run most applications"
"chloe.parker","chloe.parker@mags.local","Created","Account enabled; password change required at first logon.","OU=IT,DC=mags,DC=local","CN=GG-IT,OU=IT,DC=mags,DC=local","",""
"ruby.roberts","ruby.roberts@mags.local","Created","Account enabled; password change required at first logon.","OU=IT,DC=mags,DC=local","CN=GG-IT,OU=IT,DC=mags,DC=local|CN=Users,CN=Builtin,DC=mags,DC=local","","Users are prevented from making accidental or intentional system-wide changes and can run most applications"
"ethan.clarke","ethan.clarke@mags.local","Created","Account enabled; password change required at first logon.","OU=IT,DC=mags,DC=local","CN=GG-IT,OU=IT,DC=mags,DC=local|CN=Terminal Server License Servers,CN=Builtin,DC=mags,DC=local|CN=Users,CN=Builtin,DC=mags,DC=local","","Members of this group can update user accounts in Active Directory with information about license issuance, for the purpose of tracking and reporting TS Per User CAL usage|Users are prevented from making accidental or intentional system-wide changes and can run most applications"
"olivia.green","olivia.green@mags.local","Created","Account enabled; password change required at first logon.","OU=IT,DC=mags,DC=local","CN=GG-IT,OU=IT,DC=mags,DC=local","",""
"ruby.taylor","ruby.taylor@mags.local","Created","Account enabled; password change required at first logon.","OU=Salg,DC=mags,DC=local","CN=GG-Salg,OU=Salg,DC=mags,DC=local|CN=Terminal Server License Servers,CN=Builtin,DC=mags,DC=local|CN=Users,CN=Builtin,DC=mags,DC=local","","Members of this group can update user accounts in Active Directory with information about license issuance, for the purpose of tracking and reporting TS Per User CAL usage|Users are prevented from making accidental or intentional system-wide changes and can run most applications"
"alfred.allen","alfred.allen@mags.local","Created","Account enabled; password change required at first logon.","OU=Salg,DC=mags,DC=local","CN=GG-Salg,OU=Salg,DC=mags,DC=local|CN=Terminal Server License Servers,CN=Builtin,DC=mags,DC=local|CN=Users,CN=Builtin,DC=mags,DC=local","","Users are prevented from making accidental or intentional system-wide changes and can run most applications|Members of this group can update user accounts in Active Directory with information about license issuance, for the purpose of tracking and reporting TS Per User CAL usage"
"claire.hill","claire.hill@mags.local","Created","Account enabled; password change required at first logon.","OU=Salg,DC=mags,DC=local","CN=GG-Salg,OU=Salg,DC=mags,DC=local|CN=Users,CN=Builtin,DC=mags,DC=local","","Users are prevented from making accidental or intentional system-wide changes and can run most applications"
"jack.clark","jack.clark@mags.local","Created","Account enabled; password change required at first logon.","OU=IT,DC=mags,DC=local","CN=GG-IT,OU=IT,DC=mags,DC=local|CN=Users,CN=Builtin,DC=mags,DC=local","","Users are prevented from making accidental or intentional system-wide changes and can run most applications"
"henry.wilson","henry.wilson@mags.local","Created","Account enabled; password change required at first logon.","OU=Salg,DC=mags,DC=local","CN=GG-Salg,OU=Salg,DC=mags,DC=local|CN=Terminal Server License Servers,CN=Builtin,DC=mags,DC=local","","Members of this group can update user accounts in Active Directory with information about license issuance, for the purpose of tracking and reporting TS Per User CAL usage"
"joseph.ward","joseph.ward@mags.local","Created","Account enabled; password change required at first logon.","OU=IT,DC=mags,DC=local","CN=GG-IT,OU=IT,DC=mags,DC=local|CN=Terminal Server License Servers,CN=Builtin,DC=mags,DC=local|CN=Users,CN=Builtin,DC=mags,DC=local","","Users are prevented from making accidental or intentional system-wide changes and can run most applications|Members of this group can update user accounts in Active Directory with information about license issuance, for the purpose of tracking and reporting TS Per User CAL usage"
"ella.wood","ella.wood@mags.local","Created","Account enabled; password change required at first logon.","OU=IT,DC=mags,DC=local","CN=GG-IT,OU=IT,DC=mags,DC=local|CN=Users,CN=Builtin,DC=mags,DC=local","","Users are prevented from making accidental or intentional system-wide changes and can run most applications"
"james.wilson","james.wilson@mags.local","Created","Account enabled; password change required at first logon.","OU=IT,DC=mags,DC=local","CN=GG-IT,OU=IT,DC=mags,DC=local","",""
"andrew.roberts","andrew.roberts@mags.local","Created","Account enabled; password change required at first logon.","OU=IT,DC=mags,DC=local","CN=GG-IT,OU=IT,DC=mags,DC=local|CN=Terminal Server License Servers,CN=Builtin,DC=mags,DC=local|CN=Users,CN=Builtin,DC=mags,DC=local","","Members of this group can update user accounts in Active Directory with information about license issuance, for the purpose of tracking and reporting TS Per User CAL usage|Users are prevented from making accidental or intentional system-wide changes and can run most applications"
"ruby.davies","ruby.davies@mags.local","Created","Account enabled; password change required at first logon.","OU=IT,DC=mags,DC=local","CN=GG-IT,OU=IT,DC=mags,DC=local|CN=Terminal Server License Servers,CN=Builtin,DC=mags,DC=local|CN=Users,CN=Builtin,DC=mags,DC=local","","Users are prevented from making accidental or intentional system-wide changes and can run most applications|Members of this group can update user accounts in Active Directory with information about license issuance, for the purpose of tracking and reporting TS Per User CAL usage"
"isabella.roberts","isabella.roberts@mags.local","Created","Account enabled; password change required at first logon.","OU=Salg,DC=mags,DC=local","CN=GG-Salg,OU=Salg,DC=mags,DC=local","",""
"ella.ward","ella.ward@mags.local","Created","Account enabled; password change required at first logon.","OU=Salg,DC=mags,DC=local","CN=GG-Salg,OU=Salg,DC=mags,DC=local","",""
"grace.baker","grace.baker@mags.local","Created","Account enabled; password change required at first logon.","OU=IT,DC=mags,DC=local","CN=GG-IT,OU=IT,DC=mags,DC=local|CN=Terminal Server License Servers,CN=Builtin,DC=mags,DC=local|CN=Users,CN=Builtin,DC=mags,DC=local","","Members of this group can update user accounts in Active Directory with information about license issuance, for the purpose of tracking and reporting TS Per User CAL usage|Users are prevented from making accidental or intentional system-wide changes and can run most applications"
"sophia.morris","sophia.morris@mags.local","Created","Account enabled; password change required at first logon.","OU=Salg,DC=mags,DC=local","CN=GG-Salg,OU=Salg,DC=mags,DC=local|CN=Terminal Server License Servers,CN=Builtin,DC=mags,DC=local","","Members of this group can update user accounts in Active Directory with information about license issuance, for the purpose of tracking and reporting TS Per User CAL usage"
"grace.walker","grace.walker@mags.local","Created","Account enabled; password change required at first logon.","OU=IT,DC=mags,DC=local","CN=GG-IT,OU=IT,DC=mags,DC=local|CN=Terminal Server License Servers,CN=Builtin,DC=mags,DC=local|CN=Users,CN=Builtin,DC=mags,DC=local","","Users are prevented from making accidental or intentional system-wide changes and can run most applications|Members of this group can update user accounts in Active Directory with information about license issuance, for the purpose of tracking and reporting TS Per User CAL usage"
"emma.robinson","emma.robinson@mags.local","Created","Account enabled; password change required at first logon.","OU=IT,DC=mags,DC=local","CN=GG-IT,OU=IT,DC=mags,DC=local","",""
"ruby.white","ruby.white@mags.local","Created","Account enabled; password change required at first logon.","OU=Salg,DC=mags,DC=local","CN=GG-Salg,OU=Salg,DC=mags,DC=local|CN=Terminal Server License Servers,CN=Builtin,DC=mags,DC=local|CN=Users,CN=Builtin,DC=mags,DC=local","","Users are prevented from making accidental or intentional system-wide changes and can run most applications|Members of this group can update user accounts in Active Directory with information about license issuance, for the purpose of tracking and reporting TS Per User CAL usage"
"alice.allen","alice.allen@mags.local","Created","Account enabled; password change required at first logon.","OU=IT,DC=mags,DC=local","CN=GG-IT,OU=IT,DC=mags,DC=local|CN=Terminal Server License Servers,CN=Builtin,DC=mags,DC=local|CN=Users,CN=Builtin,DC=mags,DC=local","","Members of this group can update user accounts in Active Directory with information about license issuance, for the purpose of tracking and reporting TS Per User CAL usage|Users are prevented from making accidental or intentional system-wide changes and can run most applications"
"jack.allen","jack.allen@mags.local","Created","Account enabled; password change required at first logon.","OU=IT,DC=mags,DC=local","CN=GG-IT,OU=IT,DC=mags,DC=local","",""
"grace.wright","grace.wright@mags.local","Created","Account enabled; password change required at first logon.","OU=Salg,DC=mags,DC=local","CN=GG-Salg,OU=Salg,DC=mags,DC=local|CN=Terminal Server License Servers,CN=Builtin,DC=mags,DC=local|CN=Users,CN=Builtin,DC=mags,DC=local","","Users are prevented from making accidental or intentional system-wide changes and can run most applications|Members of this group can update user accounts in Active Directory with information about license issuance, for the purpose of tracking and reporting TS Per User CAL usage"
"george.roberts","george.roberts@mags.local","Created","Account enabled; password change required at first logon.","OU=IT,DC=mags,DC=local","CN=GG-IT,OU=IT,DC=mags,DC=local|CN=Terminal Server License Servers,CN=Builtin,DC=mags,DC=local|CN=Users,CN=Builtin,DC=mags,DC=local","","Users are prevented from making accidental or intentional system-wide changes and can run most applications|Members of this group can update user accounts in Active Directory with information about license issuance, for the purpose of tracking and reporting TS Per User CAL usage"
"ella.allen","ella.allen@mags.local","Created","Account enabled; password change required at first logon.","OU=Salg,DC=mags,DC=local","CN=GG-Salg,OU=Salg,DC=mags,DC=local","",""
"emily.robinson","emily.robinson@mags.local","Created","Account enabled; password change required at first logon.","OU=Salg,DC=mags,DC=local","CN=GG-Salg,OU=Salg,DC=mags,DC=local","",""
"alfred.clark","alfred.clark@mags.local","Created","Account enabled; password change required at first logon.","OU=IT,DC=mags,DC=local","CN=GG-IT,OU=IT,DC=mags,DC=local|CN=Terminal Server License Servers,CN=Builtin,DC=mags,DC=local","","Members of this group can update user accounts in Active Directory with information about license issuance, for the purpose of tracking and reporting TS Per User CAL usage"
"sarah.wood","sarah.wood@mags.local","Created","Account enabled; password change required at first logon.","OU=Salg,DC=mags,DC=local","CN=GG-Salg,OU=Salg,DC=mags,DC=local|CN=Terminal Server License Servers,CN=Builtin,DC=mags,DC=local|CN=Users,CN=Builtin,DC=mags,DC=local","","Users are prevented from making accidental or intentional system-wide changes and can run most applications|Members of this group can update user accounts in Active Directory with information about license issuance, for the purpose of tracking and reporting TS Per User CAL usage"
"isabella.ward","isabella.ward@mags.local","Created","Account enabled; password change required at first logon.","OU=Salg,DC=mags,DC=local","CN=GG-Salg,OU=Salg,DC=mags,DC=local","",""
"matthew.white","matthew.white@mags.local","Created","Account enabled; password change required at first logon.","OU=IT,DC=mags,DC=local","CN=GG-IT,OU=IT,DC=mags,DC=local","",""
"emma.scott","emma.scott@mags.local","Created","Account enabled; password change required at first logon.","OU=IT,DC=mags,DC=local","CN=GG-IT,OU=IT,DC=mags,DC=local|CN=Users,CN=Builtin,DC=mags,DC=local","","Users are prevented from making accidental or intentional system-wide changes and can run most applications"
"lucy.cooper","lucy.cooper@mags.local","Created","Account enabled; password change required at first logon.","OU=IT,DC=mags,DC=local","CN=GG-IT,OU=IT,DC=mags,DC=local|CN=Terminal Server License Servers,CN=Builtin,DC=mags,DC=local|CN=Users,CN=Builtin,DC=mags,DC=local","","Users are prevented from making accidental or intentional system-wide changes and can run most applications|Members of this group can update user accounts in Active Directory with information about license issuance, for the purpose of tracking and reporting TS Per User CAL usage"
"benjamin.jones","benjamin.jones@mags.local","Created","Account enabled; password change required at first logon.","OU=IT,DC=mags,DC=local","CN=GG-IT,OU=IT,DC=mags,DC=local|CN=Users,CN=Builtin,DC=mags,DC=local","","Users are prevented from making accidental or intentional system-wide changes and can run most applications"
"isabella.king","isabella.king@mags.local","Created","Account enabled; password change required at first logon.","OU=Salg,DC=mags,DC=local","CN=GG-Salg,OU=Salg,DC=mags,DC=local","",""
"grace.clarke","grace.clarke@mags.local","Created","Account enabled; password change required at first logon.","OU=IT,DC=mags,DC=local","CN=GG-IT,OU=IT,DC=mags,DC=local","",""
"thomas.hill","thomas.hill@mags.local","Created","Account enabled; password change required at first logon.","OU=Salg,DC=mags,DC=local","CN=GG-Salg,OU=Salg,DC=mags,DC=local|CN=Users,CN=Builtin,DC=mags,DC=local","","Users are prevented from making accidental or intentional system-wide changes and can run most applications"
"amber.robinson","amber.robinson@mags.local","Created","Account enabled; password change required at first logon.","OU=Salg,DC=mags,DC=local","CN=GG-Salg,OU=Salg,DC=mags,DC=local|CN=Terminal Server License Servers,CN=Builtin,DC=mags,DC=local","","Members of this group can update user accounts in Active Directory with information about license issuance, for the purpose of tracking and reporting TS Per User CAL usage"
"olivia.jones","olivia.jones@mags.local","Created","Account enabled; password change required at first logon.","OU=IT,DC=mags,DC=local","CN=GG-IT,OU=IT,DC=mags,DC=local","",""
"charles.scott","charles.scott@mags.local","Created","Account enabled; password change required at first logon.","OU=IT,DC=mags,DC=local","CN=GG-IT,OU=IT,DC=mags,DC=local|CN=Terminal Server License Servers,CN=Builtin,DC=mags,DC=local|CN=Users,CN=Builtin,DC=mags,DC=local","","Users are prevented from making accidental or intentional system-wide changes and can run most applications|Members of this group can update user accounts in Active Directory with information about license issuance, for the purpose of tracking and reporting TS Per User CAL usage"
"alice.johnson","alice.johnson@mags.local","Created","Account enabled; password change required at first logon.","OU=IT,DC=mags,DC=local","CN=GG-IT,OU=IT,DC=mags,DC=local","",""
"alfred.hughes","alfred.hughes@mags.local","Created","Account enabled; password change required at first logon.","OU=IT,DC=mags,DC=local","CN=GG-IT,OU=IT,DC=mags,DC=local|CN=Terminal Server License Servers,CN=Builtin,DC=mags,DC=local","","Members of this group can update user accounts in Active Directory with information about license issuance, for the purpose of tracking and reporting TS Per User CAL usage"
"lily.roberts","lily.roberts@mags.local","Created","Account enabled; password change required at first logon.","OU=Salg,DC=mags,DC=local","CN=GG-Salg,OU=Salg,DC=mags,DC=local|CN=Terminal Server License Servers,CN=Builtin,DC=mags,DC=local","","Members of this group can update user accounts in Active Directory with information about license issuance, for the purpose of tracking and reporting TS Per User CAL usage"
"amber.roberts","amber.roberts@mags.local","Created","Account enabled; password change required at first logon.","OU=IT,DC=mags,DC=local","CN=GG-IT,OU=IT,DC=mags,DC=local|CN=Terminal Server License Servers,CN=Builtin,DC=mags,DC=local|CN=Users,CN=Builtin,DC=mags,DC=local","","Users are prevented from making accidental or intentional system-wide changes and can run most applications|Members of this group can update user accounts in Active Directory with information about license issuance, for the purpose of tracking and reporting TS Per User CAL usage"
"emma.johnson","emma.johnson@mags.local","Created","Account enabled; password change required at first logon.","OU=IT,DC=mags,DC=local","CN=GG-IT,OU=IT,DC=mags,DC=local","",""
"noah.clark","noah.clark@mags.local","Created","Account enabled; password change required at first logon.","OU=IT,DC=mags,DC=local","CN=GG-IT,OU=IT,DC=mags,DC=local|CN=Terminal Server License Servers,CN=Builtin,DC=mags,DC=local|CN=Users,CN=Builtin,DC=mags,DC=local","","Users are prevented from making accidental or intentional system-wide changes and can run most applications|Members of this group can update user accounts in Active Directory with information about license issuance, for the purpose of tracking and reporting TS Per User CAL usage"
"ethan.clark","ethan.clark@mags.local","Created","Account enabled; password change required at first logon.","OU=Salg,DC=mags,DC=local","CN=GG-Salg,OU=Salg,DC=mags,DC=local|CN=Terminal Server License Servers,CN=Builtin,DC=mags,DC=local|CN=Users,CN=Builtin,DC=mags,DC=local","","Members of this group can update user accounts in Active Directory with information about license issuance, for the purpose of tracking and reporting TS Per User CAL usage|Users are prevented from making accidental or intentional system-wide changes and can run most applications"
"alice.scott","alice.scott@mags.local","Created","Account enabled; password change required at first logon.","OU=IT,DC=mags,DC=local","CN=GG-IT,OU=IT,DC=mags,DC=local","",""
"charlotte.baker","charlotte.baker@mags.local","Created","Account enabled; password change required at first logon.","OU=Salg,DC=mags,DC=local","CN=GG-Salg,OU=Salg,DC=mags,DC=local","",""
"michael.ward","michael.ward@mags.local","Created","Account enabled; password change required at first logon.","OU=Salg,DC=mags,DC=local","CN=GG-Salg,OU=Salg,DC=mags,DC=local|CN=Terminal Server License Servers,CN=Builtin,DC=mags,DC=local","","Members of this group can update user accounts in Active Directory with information about license issuance, for the purpose of tracking and reporting TS Per User CAL usage"
"lucy.roberts","lucy.roberts@mags.local","Created","Account enabled; password change required at first logon.","OU=Salg,DC=mags,DC=local","CN=GG-Salg,OU=Salg,DC=mags,DC=local|CN=Terminal Server License Servers,CN=Builtin,DC=mags,DC=local|CN=Users,CN=Builtin,DC=mags,DC=local","","Users are prevented from making accidental or intentional system-wide changes and can run most applications|Members of this group can update user accounts in Active Directory with information about license issuance, for the purpose of tracking and reporting TS Per User CAL usage"
"alice.hughes","alice.hughes@mags.local","Created","Account enabled; password change required at first logon.","OU=IT,DC=mags,DC=local","CN=GG-IT,OU=IT,DC=mags,DC=local","",""
"henry.baker","henry.baker@mags.local","Created","Account enabled; password change required at first logon.","OU=IT,DC=mags,DC=local","CN=GG-IT,OU=IT,DC=mags,DC=local|CN=Users,CN=Builtin,DC=mags,DC=local","","Users are prevented from making accidental or intentional system-wide changes and can run most applications"
"matthew.jones","matthew.jones@mags.local","Created","Account enabled; password change required at first logon.","OU=IT,DC=mags,DC=local","CN=GG-IT,OU=IT,DC=mags,DC=local|CN=Terminal Server License Servers,CN=Builtin,DC=mags,DC=local|CN=Users,CN=Builtin,DC=mags,DC=local","","Users are prevented from making accidental or intentional system-wide changes and can run most applications|Members of this group can update user accounts in Active Directory with information about license issuance, for the purpose of tracking and reporting TS Per User CAL usage"
